<?xml version="1.0" encoding="utf-16"?>
<ArrayOfCustomService xmlns:xsd="http://www.w3.org/2001/XMLSchema" xmlns:xsi="http://www.w3.org/2001/XMLSchema-instance">
  <CustomService>
    <Identity>
      <Id>8DE73AB8E3BE4E1BA5815A7F346B926E</Id>
      <Name>ZuvaExtractFirstAndSetField</Name>
      <Version>2</Version>
      <Group>
        <Id>6D6EB0174DD24EBC898D0278045A96E1</Id>
        <Name>Salesforce Connector Service Group</Name>
      </Group>
    </Identity>
    <Category>
      <Id>63DE3BC9BD1A48E9BE1CD02DACB98043</Id>
      <AutomaticallyPopulate>true</AutomaticallyPopulate>
      <Name />
      <Description />
    </Category>
    <Data>
      <Owner />
      <Inputs>
        <ParameterDetails>
          <name>ZUVAFILEID</name>
          <type>8</type>
          <description>ZuvaFileID</description>
          <errorCodeMappingType>Static</errorCodeMappingType>
          <variableAccessScope>Public</variableAccessScope>
        </ParameterDetails>
        <ParameterDetails>
          <name>ZUVAFIELDID</name>
          <type>8</type>
          <description>ZuvaFieldID</description>
          <errorCodeMappingType>Static</errorCodeMappingType>
          <variableAccessScope>Public</variableAccessScope>
        </ParameterDetails>
        <ParameterDetails>
          <name>ZUVAAUTHHEADER</name>
          <type>8</type>
          <description>ZuvaAuthHeader</description>
          <errorCodeMappingType>Static</errorCodeMappingType>
          <variableAccessScope>Public</variableAccessScope>
        </ParameterDetails>
        <ParameterDetails>
          <name>RESULTINGFIELD</name>
          <type>8</type>
          <description>ResultingField</description>
          <errorCodeMappingType>Static</errorCodeMappingType>
          <variableAccessScope>Public</variableAccessScope>
        </ParameterDetails>
      </Inputs>
      <Outputs>
        <ParameterDetails>
          <name>RESULTINGFIELD</name>
          <type>8</type>
          <description>ResultingField</description>
          <errorCodeMappingType>Static</errorCodeMappingType>
          <variableAccessScope>Public</variableAccessScope>
        </ParameterDetails>
      </Outputs>
    </Data>
    <LastModifiedDate>2023-11-09T14:45:21.973</LastModifiedDate>
    <LastModifiedBy>
      <Id>C13E87D165A945399B1E6A40F637B5C1</Id>
      <AutomaticallyPopulate>true</AutomaticallyPopulate>
      <ResourceType>Worker</ResourceType>
      <EmailAddress />
      <UserId />
      <ManagerialLevel>0</ManagerialLevel>
    </LastModifiedBy>
  </CustomService>
  <CustomService>
    <Identity>
      <Id>FF8C0CA8DEE3CC218057EF13E2DA1B5F</Id>
      <Name>ZuvaExtractConcatAndSetField</Name>
      <Version>4</Version>
      <Group>
        <Id>6D6EB0174DD24EBC898D0278045A96E1</Id>
        <Name>Salesforce Connector Service Group</Name>
      </Group>
    </Identity>
    <Category>
      <Id>63DE3BC9BD1A48E9BE1CD02DACB98043</Id>
      <AutomaticallyPopulate>true</AutomaticallyPopulate>
      <Name />
      <Description />
    </Category>
    <Data>
      <Owner />
      <Inputs>
        <ParameterDetails>
          <name>ZUVAFILEID</name>
          <type>8</type>
          <description>ZuvaFileID</description>
          <errorCodeMappingType>Static</errorCodeMappingType>
          <variableAccessScope>Public</variableAccessScope>
        </ParameterDetails>
        <ParameterDetails>
          <name>ZUVAFIELDID</name>
          <type>8</type>
          <description>ZuvaFieldID</description>
          <errorCodeMappingType>Static</errorCodeMappingType>
          <variableAccessScope>Public</variableAccessScope>
        </ParameterDetails>
        <ParameterDetails>
          <name>ZUVAAUTHHEADER</name>
          <type>8</type>
          <description>ZuvaAuthHeader</description>
          <errorCodeMappingType>Static</errorCodeMappingType>
          <variableAccessScope>Public</variableAccessScope>
        </ParameterDetails>
        <ParameterDetails>
          <name>RESULTINGFIELD</name>
          <type>8</type>
          <description>ResultingField</description>
          <errorCodeMappingType>Static</errorCodeMappingType>
          <variableAccessScope>Public</variableAccessScope>
        </ParameterDetails>
      </Inputs>
      <Outputs>
        <ParameterDetails>
          <name>RESULTINGFIELD</name>
          <type>8</type>
          <description>ResultingField</description>
          <errorCodeMappingType>Static</errorCodeMappingType>
          <variableAccessScope>Public</variableAccessScope>
        </ParameterDetails>
      </Outputs>
    </Data>
    <LastModifiedDate>2023-11-18T16:36:15.05</LastModifiedDate>
    <LastModifiedBy>
      <Id>C13E87D165A945399B1E6A40F637B5C1</Id>
      <AutomaticallyPopulate>true</AutomaticallyPopulate>
      <ResourceType>Worker</ResourceType>
      <EmailAddress />
      <UserId />
      <ManagerialLevel>0</ManagerialLevel>
    </LastModifiedBy>
  </CustomService>
  <CustomService>
    <Identity>
      <Id>B114DB89DEE18690F5553AF3E43F7C1E</Id>
      <Name>OpenAI GPT</Name>
      <Version>1</Version>
      <Group>
        <Id>D9503B69A29248869A26876428E97745</Id>
        <Name>Azure Storage</Name>
      </Group>
    </Identity>
    <Category>
      <Id>63DE3BC9BD1A48E9BE1CD02DACB98043</Id>
      <AutomaticallyPopulate>true</AutomaticallyPopulate>
      <Name />
      <Description />
    </Category>
    <Data>
      <Owner />
      <Inputs>
        <ParameterDetails>
          <name>OPENAIPROMPT</name>
          <type>8</type>
          <description>OpenAIPrompt</description>
          <errorCodeMappingType>Static</errorCodeMappingType>
          <variableAccessScope>Public</variableAccessScope>
        </ParameterDetails>
        <ParameterDetails>
          <name>DATA</name>
          <type>8</type>
          <description>Data</description>
          <errorCodeMappingType>Static</errorCodeMappingType>
          <variableAccessScope>Public</variableAccessScope>
        </ParameterDetails>
      </Inputs>
      <Outputs>
        <ParameterDetails>
          <name>RESPONSE</name>
          <type>8</type>
          <description>Response</description>
          <errorCodeMappingType>Static</errorCodeMappingType>
          <variableAccessScope>Public</variableAccessScope>
        </ParameterDetails>
      </Outputs>
    </Data>
    <LastModifiedDate>2023-12-07T18:23:07.53</LastModifiedDate>
    <LastModifiedBy>
      <Id>C13E87D165A945399B1E6A40F637B5C1</Id>
      <AutomaticallyPopulate>true</AutomaticallyPopulate>
      <ResourceType>Worker</ResourceType>
      <EmailAddress />
      <UserId />
      <ManagerialLevel>0</ManagerialLevel>
    </LastModifiedBy>
  </CustomService>
</ArrayOfCustomService>