<?xml version="1.0" encoding="utf-16"?>
<ArrayOfClassificationGroup xmlns:xsd="http://www.w3.org/2001/XMLSchema" xmlns:xsi="http://www.w3.org/2001/XMLSchema-instance">
  <ClassificationGroup>
    <Identity>
      <Id>298522E957EB8183DA310ADB769A56AF</Id>
      <AutomaticallyPopulate>true</AutomaticallyPopulate>
      <Version>19</Version>
      <Name>ZuvaContracts</Name>
    </Identity>
    <Name>ZuvaContracts</Name>
    <Description />
    <Status>Released</Status>
    <IsShared>false</IsShared>
    <Category>
      <Id>5518521B5C2C417E95C12575AF8B7F9A</Id>
      <AutomaticallyPopulate>true</AutomaticallyPopulate>
      <Name>Zuva Connector</Name>
      <Description />
    </Category>
    <DocumentGroups>
      <DocumentGroupIdentity>
        <Id>5D4A284699199415BF4E64960A81C333</Id>
        <AutomaticallyPopulate>true</AutomaticallyPopulate>
        <Version>16</Version>
        <Name>ZuvaContracts</Name>
      </DocumentGroupIdentity>
    </DocumentGroups>
    <LastModifiedDate>2023-06-22T13:52:53.53</LastModifiedDate>
    <LastModifiedUser>
      <Id>26E770722735487EA4C6AA47DCC53FE3</Id>
      <AutomaticallyPopulate>true</AutomaticallyPopulate>
      <ResourceType>Worker</ResourceType>
      <EmailAddress />
      <UserId />
      <ManagerialLevel>0</ManagerialLevel>
    </LastModifiedUser>
    <LockedByModule>None</LockedByModule>
    <ClassificationOnlineLearningEnabled>false</ClassificationOnlineLearningEnabled>
    <ClassificationMaxDocCount>2000</ClassificationMaxDocCount>
    <ResourceAccessTokens>
      <ResourceAccess>
        <ResourceIdentity>
          <Id>7DF43CCDF24611D2804B00104B71BD15</Id>
          <AutomaticallyPopulate>true</AutomaticallyPopulate>
          <Name>Everyone</Name>
          <ResourceType>GroupOfWorkers</ResourceType>
          <EmailAddress />
          <UserId />
          <ManagerialLevel>0</ManagerialLevel>
        </ResourceIdentity>
        <AccessType>MaintenanceAccess</AccessType>
        <PermissionType>FullControl</PermissionType>
      </ResourceAccess>
    </ResourceAccessTokens>
    <ResourcePermissionType>NoAccess</ResourcePermissionType>
    <OverwriteDocumentTypes>false</OverwriteDocumentTypes>
    <OverwrittenDocumentTypes />
  </ClassificationGroup>
</ArrayOfClassificationGroup>