<?xml version="1.0" encoding="utf-16"?>
<ArrayOfCustomServiceGroup xmlns:xsd="http://www.w3.org/2001/XMLSchema" xmlns:xsi="http://www.w3.org/2001/XMLSchema-instance">
  <CustomServiceGroup>
    <Identity>
      <Id>6D6EB0174DD24EBC898D0278045A96E1</Id>
      <Name>Salesforce Connector Service Group</Name>
    </Identity>
    <DesignTimeType>10002</DesignTimeType>
    <Category>
      <Id>201F370CA5164F76ADDD8EEEFF666AF7</Id>
      <AutomaticallyPopulate>true</AutomaticallyPopulate>
      <Name />
      <Description />
    </Category>
    <LastModifiedDate>2023-04-12T00:47:44.323</LastModifiedDate>
    <LastModifiedBy>
      <Id>1449EC114C3BC751B5F5D73608203364</Id>
      <AutomaticallyPopulate>true</AutomaticallyPopulate>
      <ResourceType>Worker</ResourceType>
      <EmailAddress />
      <UserId />
      <ManagerialLevel>0</ManagerialLevel>
    </LastModifiedBy>
  </CustomServiceGroup>
</ArrayOfCustomServiceGroup>