<?xml version="1.0" encoding="utf-16"?><SpaPackageImportExportData xmlns:xsd="http://www.w3.org/2001/XMLSchema" xmlns:xsi="http://www.w3.org/2001/XMLSchema-instance" dbversion="8.0.1"><PackageSummary><SpaPackageIdentity><Id>261E86FDBB56491CBE44717DD5AA1E4E</Id><Name>Zuva POC</Name><Version>11</Version></SpaPackageIdentity><Description /><CategoryIdentity><Id>201F370CA5164F76ADDD8EEEFF666AF7</Id><AutomaticallyPopulate>true</AutomaticallyPopulate><Name>Default Category</Name><Description /></CategoryIdentity><LastModifiedDateTime>2024-09-20T21:16:51.123</LastModifiedDateTime><LastModifiedResource><Id>C13E87D165A945399B1E6A40F637B5C1</Id><AutomaticallyPopulate>true</AutomaticallyPopulate><Name>Rafael Castro</Name><ResourceType>Worker</ResourceType><EmailAddress /><UserId /><ManagerialLevel>0</ManagerialLevel></LastModifiedResource><Comments /><ResourceAccessTokens><ResourceAccess><ResourceIdentity><Id>7DF43CCDF24611D2804B00104B71BD15</Id><AutomaticallyPopulate>true</AutomaticallyPopulate><Name>Everyone</Name><ResourceType>GroupOfWorkers</ResourceType><EmailAddress /><UserId /><ManagerialLevel>0</ManagerialLevel></ResourceIdentity><AccessType>MaintenanceAccess</AccessType><PermissionType>FullControl</PermissionType></ResourceAccess></ResourceAccessTokens><PermissionType>FullControl</PermissionType><SourceControlStatus>NotInSourceControl</SourceControlStatus><SpaPackageType>Default</SpaPackageType></PackageSummary><Processes><ImportExportPackageSummaryOfProcessIdentity><Identity><Id>3EE71A90FF9C4AEFA292ACC6E22A0311</Id><AutomaticallyPopulate>true</AutomaticallyPopulate><Version>1</Version><Name>Copy 1 of ZuvaConnector - KF MergeDoc Op</Name></Identity><LastModifiedBy><Id>C13E87D165A945399B1E6A40F637B5C1</Id><AutomaticallyPopulate>true</AutomaticallyPopulate><ResourceType>Worker</ResourceType><EmailAddress /><UserId /><ManagerialLevel>0</ManagerialLevel></LastModifiedBy><LastModified>2023-12-09T10:58:14.483</LastModified></ImportExportPackageSummaryOfProcessIdentity><ImportExportPackageSummaryOfProcessIdentity><Identity><Id>0DF8F465AB934863AC3898381B666AC5</Id><AutomaticallyPopulate>true</AutomaticallyPopulate><Version>5</Version><Name>ZuvaConnector - Get Field Extraction</Name></Identity><LastModifiedBy><Id>1449EC114C3BC751B5F5D73608203364</Id><AutomaticallyPopulate>true</AutomaticallyPopulate><ResourceType>Worker</ResourceType><EmailAddress /><UserId /><ManagerialLevel>0</ManagerialLevel></LastModifiedBy><LastModified>2023-11-20T23:34:22.893</LastModified></ImportExportPackageSummaryOfProcessIdentity><ImportExportPackageSummaryOfProcessIdentity><Identity><Id>90F60DEB9D624D259F5E5F30F33171CF</Id><AutomaticallyPopulate>true</AutomaticallyPopulate><Version>2</Version><Name>ZuvaConnector DLL - Risk w/Word Export</Name></Identity><LastModifiedBy><Id>26E770722735487EA4C6AA47DCC53FE3</Id><AutomaticallyPopulate>true</AutomaticallyPopulate><ResourceType>Worker</ResourceType><EmailAddress /><UserId /><ManagerialLevel>0</ManagerialLevel></LastModifiedBy><LastModified>2023-06-23T19:11:31</LastModified></ImportExportPackageSummaryOfProcessIdentity><ImportExportPackageSummaryOfProcessIdentity><Identity><Id>ABF7411F0C9F41918771125D329A4DE5</Id><AutomaticallyPopulate>true</AutomaticallyPopulate><Version>2</Version><Name>ZuvaConnector - Answers Merged DLL POC</Name></Identity><LastModifiedBy><Id>C13E87D165A945399B1E6A40F637B5C1</Id><AutomaticallyPopulate>true</AutomaticallyPopulate><ResourceType>Worker</ResourceType><EmailAddress /><UserId /><ManagerialLevel>0</ManagerialLevel></LastModifiedBy><LastModified>2023-11-30T19:33:54.707</LastModified></ImportExportPackageSummaryOfProcessIdentity></Processes><ProcessExportOption><ExportResources>false</ExportResources><ExportGroupResourceMembers>false</ExportGroupResourceMembers><ExportResourcesExtensions>false</ExportResourcesExtensions><ExportCategories>false</ExportCategories><WithCategoryParentage>false</WithCategoryParentage><GeneralizedExport>false</GeneralizedExport><ExportDotNetReferencesWithPath>true</ExportDotNetReferencesWithPath><ExportCaseFragments>false</ExportCaseFragments><ExportTemplateSkins>true</ExportTemplateSkins><ExportExtractionClassificationData>true</ExportExtractionClassificationData><ExportGlobalDataModels>false</ExportGlobalDataModels><ExportProcessDataModels>false</ExportProcessDataModels><ExportType>CombineAssociatedMaps</ExportType><Version>0</Version><ExportServerVariables>true</ExportServerVariables><PreloadScript>1</PreloadScript><SleepDuration>0</SleepDuration><CategoryIds /><ProcessDocument>false</ProcessDocument><ProcessViewer>false</ProcessViewer><DotNetActivityType>0</DotNetActivityType><Projects /><AllProcessVariables /><ExportOnlyDocumentGroupIdentityDetails>false</ExportOnlyDocumentGroupIdentityDetails><SiteDetailsRequired>false</SiteDetailsRequired><CmisSiteDetailsRequired>false</CmisSiteDetailsRequired><Assets /><PerceptiveSiteDetailsRequired>false</PerceptiveSiteDetailsRequired><IncludeExportConnectorMappings>false</IncludeExportConnectorMappings><IncludeDocumentTypeRetentionPolicy>false</IncludeDocumentTypeRetentionPolicy><IsSpaExport>false</IsSpaExport><ProcessType>BusinessProcess</ProcessType><ProtectedItems /><ExportPageRenditions>false</ExportPageRenditions><ExportReportingTags>false</ExportReportingTags><ExportTestPlans>false</ExportTestPlans><IncludeProcessAssociationsInPackage>false</IncludeProcessAssociationsInPackage><IsGitExport>false</IsGitExport><ExcludeCaptureProjectTrainingSets>false</ExcludeCaptureProjectTrainingSets></ProcessExportOption><WorkAllocationRules /><Skins /><BusinessRules /><CustomServices><ImportExportPackageSummaryOfCustomServiceIdentity><Identity><Id>8DE73AB8E3BE4E1BA5815A7F346B926E</Id><Name>ZuvaExtractFirstAndSetField</Name><Version>2</Version><Group><Id>6D6EB0174DD24EBC898D0278045A96E1</Id><Name>Salesforce Connector Service Group</Name></Group></Identity><LastModifiedBy><Id>C13E87D165A945399B1E6A40F637B5C1</Id><AutomaticallyPopulate>true</AutomaticallyPopulate><ResourceType>Worker</ResourceType><EmailAddress /><UserId /><ManagerialLevel>0</ManagerialLevel></LastModifiedBy><LastModified>2023-11-09T14:45:21.973</LastModified></ImportExportPackageSummaryOfCustomServiceIdentity><ImportExportPackageSummaryOfCustomServiceIdentity><Identity><Id>FF8C0CA8DEE3CC218057EF13E2DA1B5F</Id><Name>ZuvaExtractConcatAndSetField</Name><Version>4</Version><Group><Id>6D6EB0174DD24EBC898D0278045A96E1</Id><Name>Salesforce Connector Service Group</Name></Group></Identity><LastModifiedBy><Id>C13E87D165A945399B1E6A40F637B5C1</Id><AutomaticallyPopulate>true</AutomaticallyPopulate><ResourceType>Worker</ResourceType><EmailAddress /><UserId /><ManagerialLevel>0</ManagerialLevel></LastModifiedBy><LastModified>2023-11-18T16:36:15.05</LastModified></ImportExportPackageSummaryOfCustomServiceIdentity><ImportExportPackageSummaryOfCustomServiceIdentity><Identity><Id>B114DB89DEE18690F5553AF3E43F7C1E</Id><Name>OpenAI GPT</Name><Version>1</Version><Group><Id>D9503B69A29248869A26876428E97745</Id><Name>Azure Storage</Name></Group></Identity><LastModifiedBy><Id>C13E87D165A945399B1E6A40F637B5C1</Id><AutomaticallyPopulate>true</AutomaticallyPopulate><ResourceType>Worker</ResourceType><EmailAddress /><UserId /><ManagerialLevel>0</ManagerialLevel></LastModifiedBy><LastModified>2023-12-07T18:23:07.53</LastModified></ImportExportPackageSummaryOfCustomServiceIdentity></CustomServices><CustomServiceGroups><ImportExportPackageSummaryOfCustomServiceGroupIdentity><Identity><Id>6D6EB0174DD24EBC898D0278045A96E1</Id><Name>Salesforce Connector Service Group</Name></Identity><LastModifiedBy><Id>1449EC114C3BC751B5F5D73608203364</Id><AutomaticallyPopulate>true</AutomaticallyPopulate><ResourceType>Worker</ResourceType><EmailAddress /><UserId /><ManagerialLevel>0</ManagerialLevel></LastModifiedBy><LastModified>2023-04-12T00:47:44.323</LastModified></ImportExportPackageSummaryOfCustomServiceGroupIdentity></CustomServiceGroups><Assets><ImportExportPackageSummaryOfAssetIdentity><Identity><Id>0CEAC3DD9F2541608FB4242C3D753DB2</Id><Name>KnightFrankPOC.dotx</Name><AssetType>Template</AssetType><AutomaticallyPopulate>true</AutomaticallyPopulate><StorageId>1</StorageId></Identity><LastModifiedBy><Id /><AutomaticallyPopulate>true</AutomaticallyPopulate><ResourceType>Worker</ResourceType><EmailAddress /><UserId /><ManagerialLevel>0</ManagerialLevel></LastModifiedBy><LastModified>2023-11-27T16:18:35.617</LastModified></ImportExportPackageSummaryOfAssetIdentity><ImportExportPackageSummaryOfAssetIdentity><Identity><Id>F002EF80B1D54A92ABB37FE06EC8EE05</Id><Name>WordMergePOC.dotx</Name><AssetType>Template</AssetType><AutomaticallyPopulate>true</AutomaticallyPopulate><StorageId>1</StorageId></Identity><LastModifiedBy><Id /><AutomaticallyPopulate>true</AutomaticallyPopulate><ResourceType>Worker</ResourceType><EmailAddress /><UserId /><ManagerialLevel>0</ManagerialLevel></LastModifiedBy><LastModified>2023-06-23T18:20:04.223</LastModified></ImportExportPackageSummaryOfAssetIdentity><ImportExportPackageSummaryOfAssetIdentity><Identity><Id>86F02D0ECD6D4023AAD389F24D0D9754</Id><Name>Kofax.ZuvaConnectorV1.dll</Name><AssetType>DotNetAssembly</AssetType><AutomaticallyPopulate>true</AutomaticallyPopulate><StorageId>1</StorageId></Identity><LastModifiedBy><Id /><AutomaticallyPopulate>true</AutomaticallyPopulate><ResourceType>Worker</ResourceType><EmailAddress /><UserId /><ManagerialLevel>0</ManagerialLevel></LastModifiedBy><LastModified>2023-10-17T13:18:06.613</LastModified></ImportExportPackageSummaryOfAssetIdentity><ImportExportPackageSummaryOfAssetIdentity><Identity><Id>4B2237042C85401F889961192A9A2C09</Id><Name>ZuvaLogo.gif</Name><AssetType>Image</AssetType><AutomaticallyPopulate>true</AutomaticallyPopulate><StorageId>1</StorageId></Identity><LastModifiedBy><Id /><AutomaticallyPopulate>true</AutomaticallyPopulate><ResourceType>Worker</ResourceType><EmailAddress /><UserId /><ManagerialLevel>0</ManagerialLevel></LastModifiedBy><LastModified>2023-10-04T15:15:20.97</LastModified></ImportExportPackageSummaryOfAssetIdentity></Assets><Forms><ImportExportPackageSummaryOfFormIdentity><Identity><Id>0408AB8C28AC49FBBF33461A76DEEB86</Id><AutomaticallyPopulate>true</AutomaticallyPopulate><Name>ZuvaConnector - KF MergeDocCNJ</Name><Version>1</Version></Identity><LastModifiedBy><Id>C13E87D165A945399B1E6A40F637B5C1</Id><AutomaticallyPopulate>false</AutomaticallyPopulate><ResourceType>Worker</ResourceType><EmailAddress /><UserId /><ManagerialLevel>0</ManagerialLevel></LastModifiedBy><LastModified>2023-11-08T15:19:50.433</LastModified></ImportExportPackageSummaryOfFormIdentity><ImportExportPackageSummaryOfFormIdentity><Identity><Id>FCD38362E3DA49F5A8D7B09BE7EB543D</Id><AutomaticallyPopulate>true</AutomaticallyPopulate><Name>ZuvaConnector - Get Field ExtractionCNJ</Name><Version>7</Version></Identity><LastModifiedBy><Id>C13E87D165A945399B1E6A40F637B5C1</Id><AutomaticallyPopulate>false</AutomaticallyPopulate><ResourceType>Worker</ResourceType><EmailAddress /><UserId /><ManagerialLevel>0</ManagerialLevel></LastModifiedBy><LastModified>2024-01-30T15:16:42.16</LastModified></ImportExportPackageSummaryOfFormIdentity><ImportExportPackageSummaryOfFormIdentity><Identity><Id>538AFFBD87E94D7DB177442933749927</Id><AutomaticallyPopulate>true</AutomaticallyPopulate><Name>ZuvaConnector - Get Field ExtractionValidation</Name><Version>7</Version></Identity><LastModifiedBy><Id>C13E87D165A945399B1E6A40F637B5C1</Id><AutomaticallyPopulate>false</AutomaticallyPopulate><ResourceType>Worker</ResourceType><EmailAddress /><UserId /><ManagerialLevel>0</ManagerialLevel></LastModifiedBy><LastModified>2023-11-20T22:38:20.06</LastModified></ImportExportPackageSummaryOfFormIdentity><ImportExportPackageSummaryOfFormIdentity><Identity><Id>9DB3D0CCAA4A418FA3DB77272EAB74F6</Id><AutomaticallyPopulate>false</AutomaticallyPopulate><Name>AutomationRequest</Name><Version>37</Version></Identity><LastModifiedBy><Id>DC6B6C7016584FF5B13CFAB9924C6577</Id><AutomaticallyPopulate>false</AutomaticallyPopulate><ResourceType>Worker</ResourceType><EmailAddress /><UserId /><ManagerialLevel>0</ManagerialLevel></LastModifiedBy><LastModified>2022-10-13T16:14:16.903</LastModified></ImportExportPackageSummaryOfFormIdentity><ImportExportPackageSummaryOfFormIdentity><Identity><Id>0455E4A790D84E42936F131A2D789533</Id><AutomaticallyPopulate>true</AutomaticallyPopulate><Name>ZuvaConnector DLL V1 POC - Risk ScoreCNJ</Name><Version>1</Version></Identity><LastModifiedBy><Id>26E770722735487EA4C6AA47DCC53FE3</Id><AutomaticallyPopulate>false</AutomaticallyPopulate><ResourceType>Worker</ResourceType><EmailAddress /><UserId /><ManagerialLevel>0</ManagerialLevel></LastModifiedBy><LastModified>2023-06-21T21:52:20.947</LastModified></ImportExportPackageSummaryOfFormIdentity><ImportExportPackageSummaryOfFormIdentity><Identity><Id>1B26758A76F64262B80C99F978DF5406</Id><AutomaticallyPopulate>true</AutomaticallyPopulate><Name>ZuvaConnector DLL V1 POC - Risk ScoreValidation</Name><Version>5</Version></Identity><LastModifiedBy><Id>26E770722735487EA4C6AA47DCC53FE3</Id><AutomaticallyPopulate>false</AutomaticallyPopulate><ResourceType>Worker</ResourceType><EmailAddress /><UserId /><ManagerialLevel>0</ManagerialLevel></LastModifiedBy><LastModified>2023-06-23T03:19:38.573</LastModified></ImportExportPackageSummaryOfFormIdentity><ImportExportPackageSummaryOfFormIdentity><Identity><Id>74EBA118D4034F39B84858462E24F856</Id><AutomaticallyPopulate>false</AutomaticallyPopulate><Name>Zuva - Answers Merged DLL POCCNJ</Name><Version>3</Version></Identity><LastModifiedBy><Id>C13E87D165A945399B1E6A40F637B5C1</Id><AutomaticallyPopulate>false</AutomaticallyPopulate><ResourceType>Worker</ResourceType><EmailAddress /><UserId /><ManagerialLevel>0</ManagerialLevel></LastModifiedBy><LastModified>2024-09-20T21:16:15.68</LastModified></ImportExportPackageSummaryOfFormIdentity><ImportExportPackageSummaryOfFormIdentity><Identity><Id>E3F3945EBCDC406AA3C1698FF055A682</Id><AutomaticallyPopulate>true</AutomaticallyPopulate><Name>ZuvaConnector - Answers Merged DLL POCOrd Activity</Name><Version>11</Version></Identity><LastModifiedBy><Id>C13E87D165A945399B1E6A40F637B5C1</Id><AutomaticallyPopulate>false</AutomaticallyPopulate><ResourceType>Worker</ResourceType><EmailAddress /><UserId /><ManagerialLevel>0</ManagerialLevel></LastModifiedBy><LastModified>2023-10-06T18:14:28.64</LastModified></ImportExportPackageSummaryOfFormIdentity><ImportExportPackageSummaryOfFormIdentity><Identity><Id>5C737D068E6D493AB8790DB7143827A5</Id><AutomaticallyPopulate>false</AutomaticallyPopulate><Name>ZuvaConnector - Answers Merged DLL POCCNJ</Name><Version>27</Version></Identity><LastModifiedBy><Id>C13E87D165A945399B1E6A40F637B5C1</Id><AutomaticallyPopulate>false</AutomaticallyPopulate><ResourceType>Worker</ResourceType><EmailAddress /><UserId /><ManagerialLevel>0</ManagerialLevel></LastModifiedBy><LastModified>2024-09-20T21:12:41.533</LastModified></ImportExportPackageSummaryOfFormIdentity></Forms><FormExportOptions><ExportHeader>false</ExportHeader><ExportNavigation>false</ExportNavigation><ExportGlobalVariables>true</ExportGlobalVariables><ExportWebServices>false</ExportWebServices><ExportBusinessRules>false</ExportBusinessRules><ExportSecurityTokens>false</ExportSecurityTokens><ExportSecurityRoles>false</ExportSecurityRoles><ExportRoleMembers>false</ExportRoleMembers><IsSpaExport>false</IsSpaExport></FormExportOptions><Navigations /><DeviceSettings /><Sites /><Themes /><Languages /><Lookups /><Resources /><Entities /><WorkTypes /><Checklists /><Folders /><ExtractionGroups><ImportExportPackageSummaryOfDocumentGroupIdentity><Identity><Id>5D4A284699199415BF4E64960A81C333</Id><AutomaticallyPopulate>true</AutomaticallyPopulate><Version>16</Version><Name>ZuvaContracts</Name></Identity><LastModifiedBy><Id>26E770722735487EA4C6AA47DCC53FE3</Id><AutomaticallyPopulate>true</AutomaticallyPopulate><ResourceType>Worker</ResourceType><EmailAddress /><UserId /><ManagerialLevel>0</ManagerialLevel></LastModifiedBy><LastModified>2023-06-22T13:52:53.39</LastModified></ImportExportPackageSummaryOfDocumentGroupIdentity></ExtractionGroups><ClassificationGroups><ImportExportPackageSummaryOfClassificationGroupIdentity><Identity><Id>298522E957EB8183DA310ADB769A56AF</Id><AutomaticallyPopulate>true</AutomaticallyPopulate><Version>19</Version><Name>ZuvaContracts</Name></Identity><LastModifiedBy><Id>26E770722735487EA4C6AA47DCC53FE3</Id><AutomaticallyPopulate>true</AutomaticallyPopulate><ResourceType>Worker</ResourceType><EmailAddress /><UserId /><ManagerialLevel>0</ManagerialLevel></LastModifiedBy><LastModified>2023-06-22T13:52:53.53</LastModified></ImportExportPackageSummaryOfClassificationGroupIdentity></ClassificationGroups><Formatters><ImportExportPackageSummaryOfFormatterIdentity><Identity><Id>5B82C383EA4F2730CB27765EC6741E34</Id><Name>ZuvaCurrency</Name></Identity><LastModifiedBy><Id>26E770722735487EA4C6AA47DCC53FE3</Id><AutomaticallyPopulate>true</AutomaticallyPopulate><ResourceType>Worker</ResourceType><EmailAddress /><UserId /><ManagerialLevel>0</ManagerialLevel></LastModifiedBy><LastModified>2023-05-16T14:31:11.887</LastModified></ImportExportPackageSummaryOfFormatterIdentity><ImportExportPackageSummaryOfFormatterIdentity><Identity><Id>E387C6FACA61452AFD6C5CA105F33497</Id><Name>Zuva Date Formatter</Name></Identity><LastModifiedBy><Id>26E770722735487EA4C6AA47DCC53FE3</Id><AutomaticallyPopulate>true</AutomaticallyPopulate><ResourceType>Worker</ResourceType><EmailAddress /><UserId /><ManagerialLevel>0</ManagerialLevel></LastModifiedBy><LastModified>2023-04-20T22:37:08.187</LastModified></ImportExportPackageSummaryOfFormatterIdentity></Formatters><FieldValidators /><ChecklistItems /><Events /><Targets /><Alerts /><AlertExportOption><ExportAssociatedProcess>false</ExportAssociatedProcess></AlertExportOption><Categories><ImportExportPackageSummaryOfCategoryIdentity><Identity><Id>201F370CA5164F76ADDD8EEEFF666AF7</Id><AutomaticallyPopulate>true</AutomaticallyPopulate><Name>Default Category</Name><Description /></Identity><LastModifiedBy><Id>7DF43CCDF24611D2804B00104B71BD10</Id><AutomaticallyPopulate>true</AutomaticallyPopulate><ResourceType>Worker</ResourceType><EmailAddress /><UserId /><ManagerialLevel>0</ManagerialLevel></LastModifiedBy><LastModified>2022-12-02T21:12:00</LastModified></ImportExportPackageSummaryOfCategoryIdentity><ImportExportPackageSummaryOfCategoryIdentity><Identity><Id>5518521B5C2C417E95C12575AF8B7F9A</Id><AutomaticallyPopulate>true</AutomaticallyPopulate><Name>Zuva Connector</Name><Description /></Identity><LastModifiedBy><Id>1449EC114C3BC751B5F5D73608203364</Id><AutomaticallyPopulate>true</AutomaticallyPopulate><ResourceType>Worker</ResourceType><EmailAddress /><UserId /><ManagerialLevel>0</ManagerialLevel></LastModifiedBy><LastModified>2023-09-26T21:26:47.457</LastModified></ImportExportPackageSummaryOfCategoryIdentity><ImportExportPackageSummaryOfCategoryIdentity><Identity><Id>63DE3BC9BD1A48E9BE1CD02DACB98043</Id><AutomaticallyPopulate>true</AutomaticallyPopulate><Name>ZuvaConnectorV1</Name><Description /></Identity><LastModifiedBy><Id>26E770722735487EA4C6AA47DCC53FE3</Id><AutomaticallyPopulate>true</AutomaticallyPopulate><ResourceType>Worker</ResourceType><EmailAddress /><UserId /><ManagerialLevel>0</ManagerialLevel></LastModifiedBy><LastModified>2023-04-04T15:09:52.417</LastModified></ImportExportPackageSummaryOfCategoryIdentity><ImportExportPackageSummaryOfCategoryIdentity><Identity><Id>E2A1706B60424707B39A1BDDDC8DB69C</Id><AutomaticallyPopulate>true</AutomaticallyPopulate><Name>TotalAgility Forms</Name><Description /></Identity><LastModifiedBy><Id>7DF43CCDF24611D2804B00104B71BD10</Id><AutomaticallyPopulate>true</AutomaticallyPopulate><ResourceType>Worker</ResourceType><EmailAddress /><UserId /><ManagerialLevel>0</ManagerialLevel></LastModifiedBy><LastModified>2024-08-21T15:00:23.423</LastModified></ImportExportPackageSummaryOfCategoryIdentity></Categories><ScanVrsProfiles /><SeparationProfiles /><BarcodePatchcodeProfiles /><PdfGenerationProfiles /><DocConversionProfiles /><JobSchedules /><CaptureControlLayouts /><RegularExpressions /><Personas /><ServerVariables /><ServerVariablesCollection><ImportExportPackageSummaryOfVariable><Identity><VariableType>String</VariableType><Value xsi:type="xsd:string">https://ktacloudeco-dev.ktaprt.dev.kofaxcloud.com/services/sdk/</Value><Identity><Id>KTA_SDK_URL</Id><Version>0</Version><OwnerId /><DisplayName>KTA_SDK_URL</DisplayName><Name /></Identity><Dynamic>false</Dynamic><Category><Id>201F370CA5164F76ADDD8EEEFF666AF7</Id><AutomaticallyPopulate>true</AutomaticallyPopulate><Name /><Description /></Category><Grouping><Identity><Id>4FEE4E069417475DAC5D2C2E5C95CA49</Id></Identity><Variables /></Grouping><UseInSkin>false</UseInSkin><Found>false</Found><IsSecure>false</IsSecure><VariableScope>Process</VariableScope><IsDateExpression>false</IsDateExpression><DerivedExpression /><ErrorCodeMappingType>Static</ErrorCodeMappingType><VariableDisplayProperties><VariableIdentity><Id /><Version>0</Version><OwnerId /><DisplayName /><Name /></VariableIdentity><StringVariableDisplayProperties><VariableControlType>Singleline</VariableControlType><MaxNumberOfCharacters>0</MaxNumberOfCharacters><LookupIdentity /><StaticData /><Mandatory>false</Mandatory></StringVariableDisplayProperties><MinDate xsi:nil="true" /><MaxDate xsi:nil="true" /><DecimalPrecision>0</DecimalPrecision><ShowTime>false</ShowTime></VariableDisplayProperties><VariableAccessScope>Public</VariableAccessScope><IsResourceExpression>false</IsResourceExpression><IsDataObjectField>false</IsDataObjectField><IsDataObjectFieldOfTypeObject>false</IsDataObjectFieldOfTypeObject><BaseVariableType>String</BaseVariableType><BaseVariableId /></Identity><LastModifiedBy><Id /><AutomaticallyPopulate>true</AutomaticallyPopulate><ResourceType>Worker</ResourceType><EmailAddress /><UserId /><ManagerialLevel>0</ManagerialLevel></LastModifiedBy><LastModified>0001-01-01T00:00:00</LastModified></ImportExportPackageSummaryOfVariable><ImportExportPackageSummaryOfVariable><Identity><VariableType>String</VariableType><Value xsi:type="xsd:string">localhost</Value><Identity><Id>SPP_SMTP_SERVER</Id><Version>0</Version><OwnerId /><DisplayName>SPP_SMTP_SERVER</DisplayName><Name /></Identity><Dynamic>true</Dynamic><Category><Id>FBCB88103B4D414FAE8E38058F46CCF4</Id><AutomaticallyPopulate>true</AutomaticallyPopulate><Name /><Description /></Category><Grouping><Identity><Id>4FEE4E069417475DAC5D2C2E5C95CA49</Id></Identity><Variables /></Grouping><UseInSkin>false</UseInSkin><Found>false</Found><IsSecure>false</IsSecure><VariableScope>Process</VariableScope><IsDateExpression>false</IsDateExpression><DerivedExpression /><ErrorCodeMappingType>Static</ErrorCodeMappingType><VariableDisplayProperties><VariableIdentity><Id /><Version>0</Version><OwnerId /><DisplayName /><Name /></VariableIdentity><StringVariableDisplayProperties><VariableControlType>Singleline</VariableControlType><MaxNumberOfCharacters>0</MaxNumberOfCharacters><LookupIdentity /><StaticData /><Mandatory>false</Mandatory></StringVariableDisplayProperties><MinDate xsi:nil="true" /><MaxDate xsi:nil="true" /><DecimalPrecision>0</DecimalPrecision><ShowTime>false</ShowTime></VariableDisplayProperties><VariableAccessScope>Public</VariableAccessScope><IsResourceExpression>false</IsResourceExpression><IsDataObjectField>false</IsDataObjectField><IsDataObjectFieldOfTypeObject>false</IsDataObjectFieldOfTypeObject><BaseVariableType>String</BaseVariableType><BaseVariableId /></Identity><LastModifiedBy><Id /><AutomaticallyPopulate>true</AutomaticallyPopulate><ResourceType>Worker</ResourceType><EmailAddress /><UserId /><ManagerialLevel>0</ManagerialLevel></LastModifiedBy><LastModified>0001-01-01T00:00:00</LastModified></ImportExportPackageSummaryOfVariable><ImportExportPackageSummaryOfVariable><Identity><VariableType>System</VariableType><Value xsi:type="xsd:string" /><Identity><Id>SPP_SYSTEM_SESSION_ID</Id><Version>0</Version><OwnerId /><DisplayName>SPP_SYSTEM_SESSION_ID</DisplayName><Name /></Identity><Dynamic>true</Dynamic><Category><Id>FBCB88103B4D414FAE8E38058F46CCF4</Id><AutomaticallyPopulate>true</AutomaticallyPopulate><Name /><Description /></Category><Grouping><Identity><Id>4FEE4E069417475DAC5D2C2E5C95CA49</Id></Identity><Variables /></Grouping><UseInSkin>false</UseInSkin><Found>false</Found><IsSecure>false</IsSecure><VariableScope>Process</VariableScope><IsDateExpression>false</IsDateExpression><DerivedExpression /><ErrorCodeMappingType>Static</ErrorCodeMappingType><VariableDisplayProperties><VariableIdentity><Id /><Version>0</Version><OwnerId /><DisplayName /><Name /></VariableIdentity><StringVariableDisplayProperties><VariableControlType>Singleline</VariableControlType><MaxNumberOfCharacters>0</MaxNumberOfCharacters><LookupIdentity /><StaticData /><Mandatory>false</Mandatory></StringVariableDisplayProperties><MinDate xsi:nil="true" /><MaxDate xsi:nil="true" /><DecimalPrecision>0</DecimalPrecision><ShowTime>false</ShowTime></VariableDisplayProperties><VariableAccessScope>Public</VariableAccessScope><IsResourceExpression>false</IsResourceExpression><IsDataObjectField>false</IsDataObjectField><IsDataObjectFieldOfTypeObject>false</IsDataObjectFieldOfTypeObject><BaseVariableType>System</BaseVariableType><BaseVariableId /></Identity><LastModifiedBy><Id /><AutomaticallyPopulate>true</AutomaticallyPopulate><ResourceType>Worker</ResourceType><EmailAddress /><UserId /><ManagerialLevel>0</ManagerialLevel></LastModifiedBy><LastModified>0001-01-01T00:00:00</LastModified></ImportExportPackageSummaryOfVariable><ImportExportPackageSummaryOfVariable><Identity><VariableType>String</VariableType><Value xsi:type="xsd:string" /><Identity><Id>ZUVA_TOKEN_KOFAX_ECOSYSTEM</Id><Version>0</Version><OwnerId /><DisplayName>ZUVA_TOKEN_KOFAX_ECOSYSTEM</DisplayName><Name /></Identity><Dynamic>false</Dynamic><Category><Id>5518521B5C2C417E95C12575AF8B7F9A</Id><AutomaticallyPopulate>true</AutomaticallyPopulate><Name /><Description /></Category><Grouping><Identity><Id>4FEE4E069417475DAC5D2C2E5C95CA49</Id></Identity><Variables /></Grouping><UseInSkin>false</UseInSkin><Found>false</Found><IsSecure>true</IsSecure><VariableScope>Process</VariableScope><IsDateExpression>false</IsDateExpression><DerivedExpression /><ErrorCodeMappingType>Static</ErrorCodeMappingType><VariableDisplayProperties><VariableIdentity><Id /><Version>0</Version><OwnerId /><DisplayName /><Name /></VariableIdentity><StringVariableDisplayProperties><VariableControlType>Singleline</VariableControlType><MaxNumberOfCharacters>0</MaxNumberOfCharacters><LookupIdentity /><StaticData /><Mandatory>false</Mandatory></StringVariableDisplayProperties><MinDate xsi:nil="true" /><MaxDate xsi:nil="true" /><DecimalPrecision>0</DecimalPrecision><ShowTime>false</ShowTime></VariableDisplayProperties><VariableAccessScope>Public</VariableAccessScope><IsResourceExpression>false</IsResourceExpression><IsDataObjectField>false</IsDataObjectField><IsDataObjectFieldOfTypeObject>false</IsDataObjectFieldOfTypeObject><BaseVariableType>String</BaseVariableType><BaseVariableId /></Identity><LastModifiedBy><Id /><AutomaticallyPopulate>true</AutomaticallyPopulate><ResourceType>Worker</ResourceType><EmailAddress /><UserId /><ManagerialLevel>0</ManagerialLevel></LastModifiedBy><LastModified>0001-01-01T00:00:00</LastModified></ImportExportPackageSummaryOfVariable></ServerVariablesCollection><ThreadPools><ImportExportPackageSummaryOfThreadPoolIdentity><Identity><Id>0</Id><Name>Default Thread Pool</Name></Identity><LastModifiedBy><Id /><AutomaticallyPopulate>true</AutomaticallyPopulate><ResourceType>Worker</ResourceType><EmailAddress /><UserId /><ManagerialLevel>0</ManagerialLevel></LastModifiedBy><LastModified>0001-01-01T00:00:00</LastModified></ImportExportPackageSummaryOfThreadPoolIdentity><ImportExportPackageSummaryOfThreadPoolIdentity><Identity><Id>1</Id><Name>Default Transformation Server Thread Pool</Name></Identity><LastModifiedBy><Id /><AutomaticallyPopulate>true</AutomaticallyPopulate><ResourceType>Worker</ResourceType><EmailAddress /><UserId /><ManagerialLevel>0</ManagerialLevel></LastModifiedBy><LastModified>0001-01-01T00:00:00</LastModified></ImportExportPackageSummaryOfThreadPoolIdentity></ThreadPools><Tags /><GlobalVariables /><GlobalVariablesCollection><ImportExportPackageSummaryOfSessionVariable><Identity><Identity><Name>SESSION_ID</Name><Id>161F8F818093437482D2886B7B6756BB</Id><AutomaticallyPopulate>true</AutomaticallyPopulate></Identity><Description>The current Session Identifer.</Description><Value /><IsLocalizable>false</IsLocalizable><Category><Id>201F370CA5164F76ADDD8EEEFF666AF7</Id><AutomaticallyPopulate>true</AutomaticallyPopulate><Name>Default Category</Name><Description /></Category><LastModifiedDateTime>2021-05-10T11:26:22</LastModifiedDateTime><IsSecure>false</IsSecure></Identity><LastModifiedBy><Id /><AutomaticallyPopulate>true</AutomaticallyPopulate><ResourceType>Worker</ResourceType><EmailAddress /><UserId /><ManagerialLevel>0</ManagerialLevel></LastModifiedBy><LastModified>2021-05-10T11:26:22</LastModified></ImportExportPackageSummaryOfSessionVariable><ImportExportPackageSummaryOfSessionVariable><Identity><Identity><Name>WORKQUEUE_FORM</Name><Id>1E70BD400456422DBFA431767DC6CB0F</Id><AutomaticallyPopulate>true</AutomaticallyPopulate></Identity><Description>The Workqueue Form.</Description><Value /><IsLocalizable>false</IsLocalizable><Category><Id>201F370CA5164F76ADDD8EEEFF666AF7</Id><AutomaticallyPopulate>true</AutomaticallyPopulate><Name>Default Category</Name><Description /></Category><LastModifiedDateTime>2021-05-10T11:26:22</LastModifiedDateTime><IsSecure>false</IsSecure></Identity><LastModifiedBy><Id /><AutomaticallyPopulate>true</AutomaticallyPopulate><ResourceType>Worker</ResourceType><EmailAddress /><UserId /><ManagerialLevel>0</ManagerialLevel></LastModifiedBy><LastModified>2021-05-10T11:26:22</LastModified></ImportExportPackageSummaryOfSessionVariable><ImportExportPackageSummaryOfSessionVariable><Identity><Identity><Name>EPC</Name><Id>5E0F01E4914A48D08009FFC40C130EFF</Id><AutomaticallyPopulate>true</AutomaticallyPopulate></Identity><Description>The EPC.</Description><Value /><IsLocalizable>false</IsLocalizable><Category><Id>201F370CA5164F76ADDD8EEEFF666AF7</Id><AutomaticallyPopulate>true</AutomaticallyPopulate><Name>Default Category</Name><Description /></Category><LastModifiedDateTime>2018-07-27T09:47:05.64</LastModifiedDateTime><IsSecure>false</IsSecure></Identity><LastModifiedBy><Id /><AutomaticallyPopulate>true</AutomaticallyPopulate><ResourceType>Worker</ResourceType><EmailAddress /><UserId /><ManagerialLevel>0</ManagerialLevel></LastModifiedBy><LastModified>2018-07-27T09:47:05.64</LastModified></ImportExportPackageSummaryOfSessionVariable><ImportExportPackageSummaryOfSessionVariable><Identity><Identity><Name>JOB_ID</Name><Id>8A1DD88A21124A98A51B5679DE7FDCB4</Id><AutomaticallyPopulate>true</AutomaticallyPopulate></Identity><Description>The Job ID.</Description><Value /><IsLocalizable>false</IsLocalizable><Category><Id>201F370CA5164F76ADDD8EEEFF666AF7</Id><AutomaticallyPopulate>true</AutomaticallyPopulate><Name>Default Category</Name><Description /></Category><LastModifiedDateTime>2018-07-27T09:47:05.64</LastModifiedDateTime><IsSecure>false</IsSecure></Identity><LastModifiedBy><Id /><AutomaticallyPopulate>true</AutomaticallyPopulate><ResourceType>Worker</ResourceType><EmailAddress /><UserId /><ManagerialLevel>0</ManagerialLevel></LastModifiedBy><LastModified>2018-07-27T09:47:05.64</LastModified></ImportExportPackageSummaryOfSessionVariable><ImportExportPackageSummaryOfSessionVariable><Identity><Identity><Name>NODE_ID</Name><Id>AFBE96EA665E4F16A2FDA88044A23D0A</Id><AutomaticallyPopulate>true</AutomaticallyPopulate></Identity><Description>The Node ID.</Description><Value /><IsLocalizable>false</IsLocalizable><Category><Id>201F370CA5164F76ADDD8EEEFF666AF7</Id><AutomaticallyPopulate>true</AutomaticallyPopulate><Name>Default Category</Name><Description /></Category><LastModifiedDateTime>2018-07-27T09:47:05.64</LastModifiedDateTime><IsSecure>false</IsSecure></Identity><LastModifiedBy><Id /><AutomaticallyPopulate>true</AutomaticallyPopulate><ResourceType>Worker</ResourceType><EmailAddress /><UserId /><ManagerialLevel>0</ManagerialLevel></LastModifiedBy><LastModified>2018-07-27T09:47:05.64</LastModified></ImportExportPackageSummaryOfSessionVariable></GlobalVariablesCollection><ServerXmlExpressionVariables /><DotNetReferences /><MiscellaneousFiles /><Queries /><FormTemplates /><Localisations /><Packages /><ExportConnectorDeploymentProperties /><ShowProcessAssociations>true</ShowProcessAssociations><ShowFormAssociations>true</ShowFormAssociations><SystemExportOptions><IncludeNoteTypes>false</IncludeNoteTypes><IncludeHotKeys>false</IncludeHotKeys><IncludePageRenditions>false</IncludePageRenditions><IncludeNodeColors>false</IncludeNodeColors><IncludeReportingTags>false</IncludeReportingTags><IncludeErrorCodes>false</IncludeErrorCodes></SystemExportOptions><ShowCategoryAssociations>false</ShowCategoryAssociations><Version><Major>7</Major><Minor>3</Minor><Build>1</Build><Revision>0</Revision></Version><DocumentTypeVariants /><ProtectAllItems>false</ProtectAllItems><ProtectedItems /><IncludeRoleMembers>false</IncludeRoleMembers><IncludeDevices>false</IncludeDevices><IncludeDeviceProfiles>false</IncludeDeviceProfiles><IncludeDeviceSettings>false</IncludeDeviceSettings><ExportConnectorMappings>false</ExportConnectorMappings><WebServices><ImportExportPackageSummaryOfWebService><Identity><WebServiceIdentity><Id>62782FF5F17A46D382888435157B928C</Id><AutomaticallyPopulate>true</AutomaticallyPopulate><Name>Azure OpenAI GPT</Name><LatestProxyDllName /></WebServiceIdentity><CategoryIdentity><Id>63DE3BC9BD1A48E9BE1CD02DACB98043</Id><AutomaticallyPopulate>true</AutomaticallyPopulate><Name /><Description /></CategoryIdentity><ProxyDllName /><WebServiceSettings>&lt;?xml version="1.0" encoding="utf-16"?&gt;
&lt;WebServiceSettingsEntity xmlns:xsd="http://www.w3.org/2001/XMLSchema" xmlns:xsi="http://www.w3.org/2001/XMLSchema-instance"&gt;
  &lt;UserName /&gt;
  &lt;Password /&gt;
  &lt;WcfEnabled&gt;false&lt;/WcfEnabled&gt;
  &lt;RestfulWebService&gt;true&lt;/RestfulWebService&gt;
  &lt;EndPointUrl /&gt;
  &lt;HttpHeaders&gt;
    &lt;HttpHeader&gt;
      &lt;Name&gt;Content-Type&lt;/Name&gt;
      &lt;Value&gt;application/json&lt;/Value&gt;
    &lt;/HttpHeader&gt;
    &lt;HttpHeader&gt;
      &lt;Name&gt;api-key&lt;/Name&gt;
      &lt;Value /&gt;
    &lt;/HttpHeader&gt;
  &lt;/HttpHeaders&gt;
  &lt;OpenAPIEnabled&gt;false&lt;/OpenAPIEnabled&gt;
  &lt;UseClientCertificate&gt;false&lt;/UseClientCertificate&gt;
  &lt;ClientCertificate&gt;
    &lt;CertificateChanged&gt;false&lt;/CertificateChanged&gt;
    &lt;PasswordChanged&gt;false&lt;/PasswordChanged&gt;
  &lt;/ClientCertificate&gt;
  &lt;CredentialsExternalStorage&gt;false&lt;/CredentialsExternalStorage&gt;
  &lt;CredentialsSecretNameVars&gt;
    &lt;JobVariable&gt;
      &lt;Id&gt;UserNameSecret&lt;/Id&gt;
      &lt;VariableType&gt;String&lt;/VariableType&gt;
      &lt;Value xsi:type="xsd:string" /&gt;
      &lt;Version&gt;0&lt;/Version&gt;
      &lt;ChangeStatus&gt;Unchanged&lt;/ChangeStatus&gt;
      &lt;VariableCategory&gt;VariableNotFound&lt;/VariableCategory&gt;
      &lt;Dynamic&gt;false&lt;/Dynamic&gt;
      &lt;DisplayName&gt;User name secret&lt;/DisplayName&gt;
      &lt;VariableDisplayProperties&gt;
        &lt;VariableIdentity&gt;
          &lt;Id /&gt;
          &lt;Version&gt;0&lt;/Version&gt;
          &lt;OwnerId /&gt;
          &lt;DisplayName /&gt;
          &lt;Name /&gt;
        &lt;/VariableIdentity&gt;
        &lt;StringVariableDisplayProperties&gt;
          &lt;VariableControlType&gt;Singleline&lt;/VariableControlType&gt;
          &lt;MaxNumberOfCharacters&gt;0&lt;/MaxNumberOfCharacters&gt;
          &lt;LookupIdentity /&gt;
          &lt;StaticData /&gt;
          &lt;Mandatory&gt;false&lt;/Mandatory&gt;
        &lt;/StringVariableDisplayProperties&gt;
        &lt;MinDate xsi:nil="true" /&gt;
        &lt;MaxDate xsi:nil="true" /&gt;
        &lt;DecimalPrecision&gt;0&lt;/DecimalPrecision&gt;
        &lt;ShowTime&gt;false&lt;/ShowTime&gt;
      &lt;/VariableDisplayProperties&gt;
      &lt;DataModelIdentity&gt;
        &lt;Id /&gt;
        &lt;Version&gt;0&lt;/Version&gt;
        &lt;Name /&gt;
      &lt;/DataModelIdentity&gt;
      &lt;BaseVariableType&gt;Empty&lt;/BaseVariableType&gt;
    &lt;/JobVariable&gt;
    &lt;JobVariable&gt;
      &lt;Id&gt;PasswordSecret&lt;/Id&gt;
      &lt;VariableType&gt;String&lt;/VariableType&gt;
      &lt;Value xsi:type="xsd:string" /&gt;
      &lt;Version&gt;0&lt;/Version&gt;
      &lt;ChangeStatus&gt;Unchanged&lt;/ChangeStatus&gt;
      &lt;VariableCategory&gt;VariableNotFound&lt;/VariableCategory&gt;
      &lt;Dynamic&gt;false&lt;/Dynamic&gt;
      &lt;DisplayName&gt;Password secret&lt;/DisplayName&gt;
      &lt;VariableDisplayProperties&gt;
        &lt;VariableIdentity&gt;
          &lt;Id /&gt;
          &lt;Version&gt;0&lt;/Version&gt;
          &lt;OwnerId /&gt;
          &lt;DisplayName /&gt;
          &lt;Name /&gt;
        &lt;/VariableIdentity&gt;
        &lt;StringVariableDisplayProperties&gt;
          &lt;VariableControlType&gt;Singleline&lt;/VariableControlType&gt;
          &lt;MaxNumberOfCharacters&gt;0&lt;/MaxNumberOfCharacters&gt;
          &lt;LookupIdentity /&gt;
          &lt;StaticData /&gt;
          &lt;Mandatory&gt;false&lt;/Mandatory&gt;
        &lt;/StringVariableDisplayProperties&gt;
        &lt;MinDate xsi:nil="true" /&gt;
        &lt;MaxDate xsi:nil="true" /&gt;
        &lt;DecimalPrecision&gt;0&lt;/DecimalPrecision&gt;
        &lt;ShowTime&gt;false&lt;/ShowTime&gt;
      &lt;/VariableDisplayProperties&gt;
      &lt;DataModelIdentity&gt;
        &lt;Id /&gt;
        &lt;Version&gt;0&lt;/Version&gt;
        &lt;Name /&gt;
      &lt;/DataModelIdentity&gt;
      &lt;BaseVariableType&gt;Empty&lt;/BaseVariableType&gt;
    &lt;/JobVariable&gt;
  &lt;/CredentialsSecretNameVars&gt;
  &lt;PasswordChanged&gt;false&lt;/PasswordChanged&gt;
&lt;/WebServiceSettingsEntity&gt;</WebServiceSettings><LastModifiedDate>0001-01-01T00:00:00</LastModifiedDate><OverwriteExisting>false</OverwriteExisting><WebServiceSettingsEntity><UserName /><Password /><WcfEnabled>false</WcfEnabled><RestfulWebService>true</RestfulWebService><EndPointUrl /><HttpHeaders><HttpHeader><Name>Content-Type</Name><Value>application/json</Value></HttpHeader><HttpHeader><Name>api-key</Name><Value /></HttpHeader></HttpHeaders><OpenAPIEnabled>false</OpenAPIEnabled><UseClientCertificate>false</UseClientCertificate><ClientCertificate><CertificateChanged>false</CertificateChanged><PasswordChanged>false</PasswordChanged></ClientCertificate><CredentialsExternalStorage>false</CredentialsExternalStorage><CredentialsSecretNameVars><JobVariable><Id>UserNameSecret</Id><VariableType>String</VariableType><Value xsi:type="xsd:string" /><Version>0</Version><ChangeStatus>Unchanged</ChangeStatus><VariableCategory>VariableNotFound</VariableCategory><Dynamic>false</Dynamic><DisplayName>User name secret</DisplayName><VariableDisplayProperties><VariableIdentity><Id /><Version>0</Version><OwnerId /><DisplayName /><Name /></VariableIdentity><StringVariableDisplayProperties><VariableControlType>Singleline</VariableControlType><MaxNumberOfCharacters>0</MaxNumberOfCharacters><LookupIdentity /><StaticData /><Mandatory>false</Mandatory></StringVariableDisplayProperties><MinDate xsi:nil="true" /><MaxDate xsi:nil="true" /><DecimalPrecision>0</DecimalPrecision><ShowTime>false</ShowTime></VariableDisplayProperties><DataModelIdentity><Id /><Version>0</Version><Name /></DataModelIdentity><BaseVariableType>Empty</BaseVariableType></JobVariable><JobVariable><Id>PasswordSecret</Id><VariableType>String</VariableType><Value xsi:type="xsd:string" /><Version>0</Version><ChangeStatus>Unchanged</ChangeStatus><VariableCategory>VariableNotFound</VariableCategory><Dynamic>false</Dynamic><DisplayName>Password secret</DisplayName><VariableDisplayProperties><VariableIdentity><Id /><Version>0</Version><OwnerId /><DisplayName /><Name /></VariableIdentity><StringVariableDisplayProperties><VariableControlType>Singleline</VariableControlType><MaxNumberOfCharacters>0</MaxNumberOfCharacters><LookupIdentity /><StaticData /><Mandatory>false</Mandatory></StringVariableDisplayProperties><MinDate xsi:nil="true" /><MaxDate xsi:nil="true" /><DecimalPrecision>0</DecimalPrecision><ShowTime>false</ShowTime></VariableDisplayProperties><DataModelIdentity><Id /><Version>0</Version><Name /></DataModelIdentity><BaseVariableType>Empty</BaseVariableType></JobVariable></CredentialsSecretNameVars><PasswordChanged>false</PasswordChanged></WebServiceSettingsEntity><ServiceUrl>https://kfx-productstrategy.openai.azure.com/openai/deployments/chatgpt-productstrategy/chat/completions?api-version=2023-05-15</ServiceUrl></Identity><LastModifiedBy><Id /><AutomaticallyPopulate>true</AutomaticallyPopulate><ResourceType>Worker</ResourceType><EmailAddress /><UserId /><ManagerialLevel>0</ManagerialLevel></LastModifiedBy><LastModified>0001-01-01T00:00:00</LastModified></ImportExportPackageSummaryOfWebService></WebServices><ImportConnections /><ImportSources /><OAuthServers /><CaptureSolution><Id /><Name /><Version>0</Version><Description /><DocumentLanguage /><CategoryIdentity><Id /><AutomaticallyPopulate>true</AutomaticallyPopulate><Name /><Description /></CategoryIdentity><LastModified>2024-09-20T21:17:03.8478431+00:00</LastModified><LockedBy><Id /><AutomaticallyPopulate>true</AutomaticallyPopulate><Name /><ResourceType>Worker</ResourceType><EmailAddress /><UserId /><ManagerialLevel>0</ManagerialLevel></LockedBy><ProcessIdentity><Id /><AutomaticallyPopulate>true</AutomaticallyPopulate><Version>0</Version><Name /></ProcessIdentity><ClassificationGroupIdentity><Id /><AutomaticallyPopulate>true</AutomaticallyPopulate><Version>0</Version><Name /></ClassificationGroupIdentity><GenerateMFPForms>false</GenerateMFPForms><ScanCNJFormLink /><ExpectedSolutionDuration>0</ExpectedSolutionDuration><UploadedDocsFolderId /><DownloadImagesAndData>false</DownloadImagesAndData><DeleteDocumentsWhenJobComplete>false</DeleteDocumentsWhenJobComplete><TrainingRequired>false</TrainingRequired><DownloadZipResources /><SeparationProfileIdentity /><MaintenanceAccessTokens /><FunctionalAccessResources /><ResourcePermissionType>FullControl</ResourcePermissionType><PackageId /></CaptureSolution><DataModels /><QuickApp><Id /><Name /><Version>0</Version><AppType>QuickWorkflow</AppType></QuickApp><QuickAppType>QuickWorkflow</QuickAppType><QuickAppLastModified>0001-01-01T00:00:00</QuickAppLastModified><PackageItemAssociations><PackageItemAssociation><Id>ZUVA_TOKEN_KOFAX_ECOSYSTEM</Id><Name /><ItemType>35</ItemType><AssociatedItems /></PackageItemAssociation><PackageItemAssociation><Id>63DE3BC9BD1A48E9BE1CD02DACB98043</Id><Name /><ItemType>28</ItemType><AssociatedItems /></PackageItemAssociation><PackageItemAssociation><Id>3EE71A90FF9C4AEFA292ACC6E22A0311</Id><Name /><ItemType>0</ItemType><AssociatedItems><AssociatedItem><Id>0CEAC3DD9F2541608FB4242C3D753DB2</Id><ItemType>3</ItemType><Name>KnightFrankPOC.dotx</Name></AssociatedItem><AssociatedItem><Id>63DE3BC9BD1A48E9BE1CD02DACB98043</Id><ItemType>28</ItemType><Name>ZuvaConnectorV1</Name></AssociatedItem><AssociatedItem><Id>8DE73AB8E3BE4E1BA5815A7F346B926E</Id><ItemType>39</ItemType><Name>ZuvaExtractFirstAndSetField</Name></AssociatedItem><AssociatedItem><Id>B114DB89DEE18690F5553AF3E43F7C1E</Id><ItemType>39</ItemType><Name>OpenAI GPT</Name></AssociatedItem><AssociatedItem><Id>FF8C0CA8DEE3CC218057EF13E2DA1B5F</Id><ItemType>39</ItemType><Name>ZuvaExtractConcatAndSetField</Name></AssociatedItem><AssociatedItem><Id>161F8F818093437482D2886B7B6756BB</Id><ItemType>36</ItemType><Name>SESSION_ID</Name></AssociatedItem><AssociatedItem><Id>0408AB8C28AC49FBBF33461A76DEEB86</Id><ItemType>6</ItemType><Name>ZuvaConnector - KF MergeDocCNJ</Name></AssociatedItem><AssociatedItem><Id>3EE71A90FF9C4AEFA292ACC6E22A0311</Id><ItemType>0</ItemType><Name>Copy 1 of ZuvaConnector - KF MergeDoc Op</Name></AssociatedItem><AssociatedItem><Id>KTA_SDK_URL</Id><ItemType>35</ItemType><Name /></AssociatedItem><AssociatedItem><Id>SPP_SMTP_SERVER</Id><ItemType>35</ItemType><Name /></AssociatedItem><AssociatedItem><Id>SPP_SYSTEM_SESSION_ID</Id><ItemType>35</ItemType><Name /></AssociatedItem><AssociatedItem><Id>ZUVA_TOKEN_KOFAX_ECOSYSTEM</Id><ItemType>35</ItemType><Name /></AssociatedItem></AssociatedItems></PackageItemAssociation><PackageItemAssociation><Id>0DF8F465AB934863AC3898381B666AC5</Id><Name /><ItemType>0</ItemType><AssociatedItems><AssociatedItem><Id>5518521B5C2C417E95C12575AF8B7F9A</Id><ItemType>28</ItemType><Name>Zuva Connector</Name></AssociatedItem><AssociatedItem><Id>63DE3BC9BD1A48E9BE1CD02DACB98043</Id><ItemType>28</ItemType><Name>ZuvaConnectorV1</Name></AssociatedItem><AssociatedItem><Id>E2A1706B60424707B39A1BDDDC8DB69C</Id><ItemType>28</ItemType><Name>TotalAgility Forms</Name></AssociatedItem><AssociatedItem><Id>298522E957EB8183DA310ADB769A56AF</Id><ItemType>16</ItemType><Name>ZuvaContracts</Name></AssociatedItem><AssociatedItem><Id>161F8F818093437482D2886B7B6756BB</Id><ItemType>36</ItemType><Name>SESSION_ID</Name></AssociatedItem><AssociatedItem><Id>1E70BD400456422DBFA431767DC6CB0F</Id><ItemType>36</ItemType><Name>WORKQUEUE_FORM</Name></AssociatedItem><AssociatedItem><Id>5E0F01E4914A48D08009FFC40C130EFF</Id><ItemType>36</ItemType><Name>EPC</Name></AssociatedItem><AssociatedItem><Id>8A1DD88A21124A98A51B5679DE7FDCB4</Id><ItemType>36</ItemType><Name>JOB_ID</Name></AssociatedItem><AssociatedItem><Id>AFBE96EA665E4F16A2FDA88044A23D0A</Id><ItemType>36</ItemType><Name>NODE_ID</Name></AssociatedItem><AssociatedItem><Id>5D4A284699199415BF4E64960A81C333</Id><ItemType>18</ItemType><Name>ZuvaContracts</Name></AssociatedItem><AssociatedItem><Id>5B82C383EA4F2730CB27765EC6741E34</Id><ItemType>20</ItemType><Name>ZuvaCurrency</Name></AssociatedItem><AssociatedItem><Id>E387C6FACA61452AFD6C5CA105F33497</Id><ItemType>20</ItemType><Name>Zuva Date Formatter</Name></AssociatedItem><AssociatedItem><Id>FCD38362E3DA49F5A8D7B09BE7EB543D</Id><ItemType>6</ItemType><Name>ZuvaConnector - Get Field ExtractionCNJ</Name></AssociatedItem><AssociatedItem><Id>538AFFBD87E94D7DB177442933749927</Id><ItemType>6</ItemType><Name>ZuvaConnector - Get Field ExtractionValidation</Name></AssociatedItem><AssociatedItem><Id>9DB3D0CCAA4A418FA3DB77272EAB74F6</Id><ItemType>6</ItemType><Name>AutomationRequest</Name></AssociatedItem><AssociatedItem><Id>0DF8F465AB934863AC3898381B666AC5</Id><ItemType>0</ItemType><Name>ZuvaConnector - Get Field Extraction</Name></AssociatedItem><AssociatedItem><Id>SPP_SYSTEM_SESSION_ID</Id><ItemType>35</ItemType><Name /></AssociatedItem><AssociatedItem><Id>KTA_SDK_URL</Id><ItemType>35</ItemType><Name /></AssociatedItem><AssociatedItem><Id>ZUVA_TOKEN_KOFAX_ECOSYSTEM</Id><ItemType>35</ItemType><Name /></AssociatedItem></AssociatedItems></PackageItemAssociation><PackageItemAssociation><Id>90F60DEB9D624D259F5E5F30F33171CF</Id><Name /><ItemType>0</ItemType><AssociatedItems><AssociatedItem><Id>F002EF80B1D54A92ABB37FE06EC8EE05</Id><ItemType>3</ItemType><Name>WordMergePOC.dotx</Name></AssociatedItem><AssociatedItem><Id>5518521B5C2C417E95C12575AF8B7F9A</Id><ItemType>28</ItemType><Name>Zuva Connector</Name></AssociatedItem><AssociatedItem><Id>63DE3BC9BD1A48E9BE1CD02DACB98043</Id><ItemType>28</ItemType><Name>ZuvaConnectorV1</Name></AssociatedItem><AssociatedItem><Id>298522E957EB8183DA310ADB769A56AF</Id><ItemType>16</ItemType><Name>ZuvaContracts</Name></AssociatedItem><AssociatedItem><Id>161F8F818093437482D2886B7B6756BB</Id><ItemType>36</ItemType><Name>SESSION_ID</Name></AssociatedItem><AssociatedItem><Id>1E70BD400456422DBFA431767DC6CB0F</Id><ItemType>36</ItemType><Name>WORKQUEUE_FORM</Name></AssociatedItem><AssociatedItem><Id>5E0F01E4914A48D08009FFC40C130EFF</Id><ItemType>36</ItemType><Name>EPC</Name></AssociatedItem><AssociatedItem><Id>8A1DD88A21124A98A51B5679DE7FDCB4</Id><ItemType>36</ItemType><Name>JOB_ID</Name></AssociatedItem><AssociatedItem><Id>AFBE96EA665E4F16A2FDA88044A23D0A</Id><ItemType>36</ItemType><Name>NODE_ID</Name></AssociatedItem><AssociatedItem><Id>FC4A7E347D984994B76C942BFFCDF07B</Id><ItemType>47</ItemType><Name /></AssociatedItem><AssociatedItem><Id>5D4A284699199415BF4E64960A81C333</Id><ItemType>18</ItemType><Name>ZuvaContracts</Name></AssociatedItem><AssociatedItem><Id>5B82C383EA4F2730CB27765EC6741E34</Id><ItemType>20</ItemType><Name>ZuvaCurrency</Name></AssociatedItem><AssociatedItem><Id>E387C6FACA61452AFD6C5CA105F33497</Id><ItemType>20</ItemType><Name>Zuva Date Formatter</Name></AssociatedItem><AssociatedItem><Id>0455E4A790D84E42936F131A2D789533</Id><ItemType>6</ItemType><Name>ZuvaConnector DLL V1 POC - Risk ScoreCNJ</Name></AssociatedItem><AssociatedItem><Id>1B26758A76F64262B80C99F978DF5406</Id><ItemType>6</ItemType><Name>ZuvaConnector DLL V1 POC - Risk ScoreValidation</Name></AssociatedItem><AssociatedItem><Id>90F60DEB9D624D259F5E5F30F33171CF</Id><ItemType>0</ItemType><Name>ZuvaConnector DLL - Risk w/Word Export</Name></AssociatedItem><AssociatedItem><Id>SPP_SYSTEM_SESSION_ID</Id><ItemType>35</ItemType><Name /></AssociatedItem><AssociatedItem><Id>KTA_SDK_URL</Id><ItemType>35</ItemType><Name /></AssociatedItem><AssociatedItem><Id>ZUVA_TOKEN_KOFAX_ECOSYSTEM</Id><ItemType>35</ItemType><Name /></AssociatedItem></AssociatedItems></PackageItemAssociation><PackageItemAssociation><Id>ABF7411F0C9F41918771125D329A4DE5</Id><Name /><ItemType>0</ItemType><AssociatedItems><AssociatedItem><Id>5518521B5C2C417E95C12575AF8B7F9A</Id><ItemType>28</ItemType><Name>Zuva Connector</Name></AssociatedItem><AssociatedItem><Id>63DE3BC9BD1A48E9BE1CD02DACB98043</Id><ItemType>28</ItemType><Name>ZuvaConnectorV1</Name></AssociatedItem><AssociatedItem><Id>298522E957EB8183DA310ADB769A56AF</Id><ItemType>16</ItemType><Name>ZuvaContracts</Name></AssociatedItem><AssociatedItem><Id>161F8F818093437482D2886B7B6756BB</Id><ItemType>36</ItemType><Name>SESSION_ID</Name></AssociatedItem><AssociatedItem><Id>1E70BD400456422DBFA431767DC6CB0F</Id><ItemType>36</ItemType><Name>WORKQUEUE_FORM</Name></AssociatedItem><AssociatedItem><Id>5E0F01E4914A48D08009FFC40C130EFF</Id><ItemType>36</ItemType><Name>EPC</Name></AssociatedItem><AssociatedItem><Id>8A1DD88A21124A98A51B5679DE7FDCB4</Id><ItemType>36</ItemType><Name>JOB_ID</Name></AssociatedItem><AssociatedItem><Id>AFBE96EA665E4F16A2FDA88044A23D0A</Id><ItemType>36</ItemType><Name>NODE_ID</Name></AssociatedItem><AssociatedItem><Id>5D4A284699199415BF4E64960A81C333</Id><ItemType>18</ItemType><Name>ZuvaContracts</Name></AssociatedItem><AssociatedItem><Id>5B82C383EA4F2730CB27765EC6741E34</Id><ItemType>20</ItemType><Name>ZuvaCurrency</Name></AssociatedItem><AssociatedItem><Id>E387C6FACA61452AFD6C5CA105F33497</Id><ItemType>20</ItemType><Name>Zuva Date Formatter</Name></AssociatedItem><AssociatedItem><Id>74EBA118D4034F39B84858462E24F856</Id><ItemType>6</ItemType><Name>Zuva - Answers Merged DLL POCCNJ</Name></AssociatedItem><AssociatedItem><Id>E3F3945EBCDC406AA3C1698FF055A682</Id><ItemType>6</ItemType><Name>ZuvaConnector - Answers Merged DLL POCOrd Activity</Name></AssociatedItem><AssociatedItem><Id>ABF7411F0C9F41918771125D329A4DE5</Id><ItemType>0</ItemType><Name>ZuvaConnector - Answers Merged DLL POC</Name></AssociatedItem><AssociatedItem><Id>SPP_SYSTEM_SESSION_ID</Id><ItemType>35</ItemType><Name /></AssociatedItem><AssociatedItem><Id>KTA_SDK_URL</Id><ItemType>35</ItemType><Name /></AssociatedItem><AssociatedItem><Id>ZUVA_TOKEN_KOFAX_ECOSYSTEM</Id><ItemType>35</ItemType><Name /></AssociatedItem></AssociatedItems></PackageItemAssociation><PackageItemAssociation><Id>8DE73AB8E3BE4E1BA5815A7F346B926E</Id><Name /><ItemType>39</ItemType><AssociatedItems><AssociatedItem><Id>6D6EB0174DD24EBC898D0278045A96E1</Id><ItemType>40</ItemType><Name>Salesforce Connector Service Group</Name></AssociatedItem><AssociatedItem><Id>8DE73AB8E3BE4E1BA5815A7F346B926E</Id><ItemType>39</ItemType><Name>ZuvaExtractFirstAndSetField</Name></AssociatedItem></AssociatedItems></PackageItemAssociation><PackageItemAssociation><Id>FF8C0CA8DEE3CC218057EF13E2DA1B5F</Id><Name /><ItemType>39</ItemType><AssociatedItems><AssociatedItem><Id>6D6EB0174DD24EBC898D0278045A96E1</Id><ItemType>40</ItemType><Name>Salesforce Connector Service Group</Name></AssociatedItem><AssociatedItem><Id>FF8C0CA8DEE3CC218057EF13E2DA1B5F</Id><ItemType>39</ItemType><Name>ZuvaExtractConcatAndSetField</Name></AssociatedItem></AssociatedItems></PackageItemAssociation><PackageItemAssociation><Id>0408AB8C28AC49FBBF33461A76DEEB86</Id><Name /><ItemType>6</ItemType><AssociatedItems /></PackageItemAssociation><PackageItemAssociation><Id>FCD38362E3DA49F5A8D7B09BE7EB543D</Id><Name /><ItemType>6</ItemType><AssociatedItems /></PackageItemAssociation><PackageItemAssociation><Id>538AFFBD87E94D7DB177442933749927</Id><Name /><ItemType>6</ItemType><AssociatedItems /></PackageItemAssociation><PackageItemAssociation><Id>0455E4A790D84E42936F131A2D789533</Id><Name /><ItemType>6</ItemType><AssociatedItems /></PackageItemAssociation><PackageItemAssociation><Id>1B26758A76F64262B80C99F978DF5406</Id><Name /><ItemType>6</ItemType><AssociatedItems /></PackageItemAssociation><PackageItemAssociation><Id>E3F3945EBCDC406AA3C1698FF055A682</Id><Name /><ItemType>6</ItemType><AssociatedItems /></PackageItemAssociation><PackageItemAssociation><Id>5C737D068E6D493AB8790DB7143827A5</Id><Name /><ItemType>6</ItemType><AssociatedItems><AssociatedItem><Id>4B2237042C85401F889961192A9A2C09</Id><ItemType>3</ItemType><Name>ZuvaLogo.gif</Name></AssociatedItem><AssociatedItem><Id>63DE3BC9BD1A48E9BE1CD02DACB98043</Id><ItemType>28</ItemType><Name>ZuvaConnectorV1</Name></AssociatedItem><AssociatedItem><Id>161F8F818093437482D2886B7B6756BB</Id><ItemType>36</ItemType><Name>SESSION_ID</Name></AssociatedItem><AssociatedItem><Id>5C737D068E6D493AB8790DB7143827A5</Id><ItemType>6</ItemType><Name>ZuvaConnector - Answers Merged DLL POCCNJ</Name></AssociatedItem></AssociatedItems></PackageItemAssociation><PackageItemAssociation><Id>74EBA118D4034F39B84858462E24F856</Id><Name /><ItemType>6</ItemType><AssociatedItems /></PackageItemAssociation><PackageItemAssociation><Id>0CEAC3DD9F2541608FB4242C3D753DB2</Id><Name /><ItemType>3</ItemType><AssociatedItems><AssociatedItem><Id>0CEAC3DD9F2541608FB4242C3D753DB2</Id><ItemType>3</ItemType><Name>KnightFrankPOC.dotx</Name></AssociatedItem><AssociatedItem><Id>63DE3BC9BD1A48E9BE1CD02DACB98043</Id><ItemType>28</ItemType><Name>ZuvaConnectorV1</Name></AssociatedItem></AssociatedItems></PackageItemAssociation><PackageItemAssociation><Id>F002EF80B1D54A92ABB37FE06EC8EE05</Id><Name /><ItemType>3</ItemType><AssociatedItems><AssociatedItem><Id>F002EF80B1D54A92ABB37FE06EC8EE05</Id><ItemType>3</ItemType><Name>WordMergePOC.dotx</Name></AssociatedItem><AssociatedItem><Id>63DE3BC9BD1A48E9BE1CD02DACB98043</Id><ItemType>28</ItemType><Name>ZuvaConnectorV1</Name></AssociatedItem></AssociatedItems></PackageItemAssociation><PackageItemAssociation><Id>4B2237042C85401F889961192A9A2C09</Id><Name /><ItemType>3</ItemType><AssociatedItems /></PackageItemAssociation><PackageItemAssociation><Id>298522E957EB8183DA310ADB769A56AF</Id><Name /><ItemType>16</ItemType><AssociatedItems><AssociatedItem><Id>5518521B5C2C417E95C12575AF8B7F9A</Id><ItemType>28</ItemType><Name>Zuva Connector</Name></AssociatedItem><AssociatedItem><Id>298522E957EB8183DA310ADB769A56AF</Id><ItemType>16</ItemType><Name>ZuvaContracts</Name></AssociatedItem><AssociatedItem><Id>5D4A284699199415BF4E64960A81C333</Id><ItemType>18</ItemType><Name>ZuvaContracts</Name></AssociatedItem><AssociatedItem><Id>5B82C383EA4F2730CB27765EC6741E34</Id><ItemType>20</ItemType><Name>ZuvaCurrency</Name></AssociatedItem><AssociatedItem><Id>E387C6FACA61452AFD6C5CA105F33497</Id><ItemType>20</ItemType><Name>Zuva Date Formatter</Name></AssociatedItem></AssociatedItems></PackageItemAssociation><PackageItemAssociation><Id>5D4A284699199415BF4E64960A81C333</Id><Name /><ItemType>18</ItemType><AssociatedItems><AssociatedItem><Id>5518521B5C2C417E95C12575AF8B7F9A</Id><ItemType>28</ItemType><Name>Zuva Connector</Name></AssociatedItem><AssociatedItem><Id>5D4A284699199415BF4E64960A81C333</Id><ItemType>18</ItemType><Name>ZuvaContracts</Name></AssociatedItem><AssociatedItem><Id>5B82C383EA4F2730CB27765EC6741E34</Id><ItemType>20</ItemType><Name>ZuvaCurrency</Name></AssociatedItem><AssociatedItem><Id>E387C6FACA61452AFD6C5CA105F33497</Id><ItemType>20</ItemType><Name>Zuva Date Formatter</Name></AssociatedItem></AssociatedItems></PackageItemAssociation><PackageItemAssociation><Id>5B82C383EA4F2730CB27765EC6741E34</Id><Name /><ItemType>20</ItemType><AssociatedItems><AssociatedItem><Id>63DE3BC9BD1A48E9BE1CD02DACB98043</Id><ItemType>28</ItemType><Name>ZuvaConnectorV1</Name></AssociatedItem><AssociatedItem><Id>5B82C383EA4F2730CB27765EC6741E34</Id><ItemType>20</ItemType><Name>ZuvaCurrency</Name></AssociatedItem></AssociatedItems></PackageItemAssociation><PackageItemAssociation><Id>E387C6FACA61452AFD6C5CA105F33497</Id><Name /><ItemType>20</ItemType><AssociatedItems><AssociatedItem><Id>63DE3BC9BD1A48E9BE1CD02DACB98043</Id><ItemType>28</ItemType><Name>ZuvaConnectorV1</Name></AssociatedItem><AssociatedItem><Id>E387C6FACA61452AFD6C5CA105F33497</Id><ItemType>20</ItemType><Name>Zuva Date Formatter</Name></AssociatedItem></AssociatedItems></PackageItemAssociation><PackageItemAssociation><Id>86F02D0ECD6D4023AAD389F24D0D9754</Id><Name /><ItemType>4</ItemType><AssociatedItems><AssociatedItem><Id>86F02D0ECD6D4023AAD389F24D0D9754</Id><ItemType>3</ItemType><Name>Kofax.ZuvaConnectorV1.dll</Name></AssociatedItem><AssociatedItem><Id>63DE3BC9BD1A48E9BE1CD02DACB98043</Id><ItemType>28</ItemType><Name>ZuvaConnectorV1</Name></AssociatedItem></AssociatedItems></PackageItemAssociation></PackageItemAssociations><CurrencyCodes /></SpaPackageImportExportData>