<?xml version="1.0" encoding="utf-16"?>
<ArrayOfWorkQueueDefinition xmlns:xsd="http://www.w3.org/2001/XMLSchema" xmlns:xsi="http://www.w3.org/2001/XMLSchema-instance">
  <WorkQueueDefinition>
    <Identity>
      <Id>7047E8FD9E214FA1A5A1317362986E54</Id>
      <AutomaticallyPopulate>true</AutomaticallyPopulate>
      <Name>HKJC</Name>
      <LastModifiedOn>0001-01-01T00:00:00</LastModifiedOn>
    </Identity>
    <Id>7047E8FD9E214FA1A5A1317362986E54</Id>
    <Name>HKJC</Name>
    <CategoryIdentity>
      <Id>63DE3BC9BD1A48E9BE1CD02DACB98043</Id>
      <AutomaticallyPopulate>true</AutomaticallyPopulate>
      <Name>Zuva.ai</Name>
      <Description />
    </CategoryIdentity>
    <Fields>
      <WorkQueueDefinitionField>
        <Name>FILENAME</Name>
        <Position>1</Position>
        <DisplayName>File Name</DisplayName>
        <FieldType>String</FieldType>
        <DefaultValue xsi:type="xsd:string" />
        <Scope>0</Scope>
      </WorkQueueDefinitionField>
      <WorkQueueDefinitionField>
        <Name>CREATEDBY</Name>
        <Position>2</Position>
        <DisplayName>Created By</DisplayName>
        <FieldType>String</FieldType>
        <DefaultValue xsi:type="xsd:string" />
        <Scope>0</Scope>
      </WorkQueueDefinitionField>
      <WorkQueueDefinitionField>
        <Name>STARTDATE</Name>
        <Position>3</Position>
        <DisplayName>Start Date</DisplayName>
        <FieldType>String</FieldType>
        <DefaultValue xsi:type="xsd:string" />
        <Scope>0</Scope>
      </WorkQueueDefinitionField>
      <WorkQueueDefinitionField>
        <Name>ENDDATE</Name>
        <Position>4</Position>
        <DisplayName>End Date</DisplayName>
        <FieldType>String</FieldType>
        <DefaultValue xsi:type="xsd:string" />
        <Scope>0</Scope>
      </WorkQueueDefinitionField>
      <WorkQueueDefinitionField>
        <Name>SLA</Name>
        <Position>5</Position>
        <DisplayName>SLA</DisplayName>
        <FieldType>String</FieldType>
        <DefaultValue xsi:type="xsd:string" />
        <Scope>0</Scope>
      </WorkQueueDefinitionField>
    </Fields>
    <Metadata />
    <LastModifiedOn>2024-09-24T19:16:31.993</LastModifiedOn>
    <ResourceAccessTokens>
      <ResourceAccess>
        <ResourceIdentity>
          <Id>7DF43CCDF24611D2804B00104B71BD15</Id>
          <AutomaticallyPopulate>true</AutomaticallyPopulate>
          <Name>Everyone</Name>
          <ResourceType>GroupOfWorkers</ResourceType>
          <EmailAddress />
          <UserId />
          <ManagerialLevel>0</ManagerialLevel>
        </ResourceIdentity>
        <AccessType>MaintenanceAccess</AccessType>
        <PermissionType>FullControl</PermissionType>
      </ResourceAccess>
    </ResourceAccessTokens>
    <ResourcePermissionType>FullControl</ResourcePermissionType>
  </WorkQueueDefinition>
  <WorkQueueDefinition>
    <Identity>
      <Id>7047E8FD9E214FA1A5A1317362986E54</Id>
      <AutomaticallyPopulate>true</AutomaticallyPopulate>
      <Name>HKJC</Name>
      <LastModifiedOn>0001-01-01T00:00:00</LastModifiedOn>
    </Identity>
    <Id>7047E8FD9E214FA1A5A1317362986E54</Id>
    <Name>HKJC</Name>
    <CategoryIdentity>
      <Id>63DE3BC9BD1A48E9BE1CD02DACB98043</Id>
      <AutomaticallyPopulate>true</AutomaticallyPopulate>
      <Name>Zuva.ai</Name>
      <Description />
    </CategoryIdentity>
    <Fields>
      <WorkQueueDefinitionField>
        <Name>FILENAME</Name>
        <Position>1</Position>
        <DisplayName>File Name</DisplayName>
        <FieldType>String</FieldType>
        <DefaultValue xsi:type="xsd:string" />
        <Scope>0</Scope>
      </WorkQueueDefinitionField>
      <WorkQueueDefinitionField>
        <Name>CREATEDBY</Name>
        <Position>2</Position>
        <DisplayName>Created By</DisplayName>
        <FieldType>String</FieldType>
        <DefaultValue xsi:type="xsd:string" />
        <Scope>0</Scope>
      </WorkQueueDefinitionField>
      <WorkQueueDefinitionField>
        <Name>STARTDATE</Name>
        <Position>3</Position>
        <DisplayName>Start Date</DisplayName>
        <FieldType>String</FieldType>
        <DefaultValue xsi:type="xsd:string" />
        <Scope>0</Scope>
      </WorkQueueDefinitionField>
      <WorkQueueDefinitionField>
        <Name>ENDDATE</Name>
        <Position>4</Position>
        <DisplayName>End Date</DisplayName>
        <FieldType>String</FieldType>
        <DefaultValue xsi:type="xsd:string" />
        <Scope>0</Scope>
      </WorkQueueDefinitionField>
      <WorkQueueDefinitionField>
        <Name>SLA</Name>
        <Position>5</Position>
        <DisplayName>SLA</DisplayName>
        <FieldType>String</FieldType>
        <DefaultValue xsi:type="xsd:string" />
        <Scope>0</Scope>
      </WorkQueueDefinitionField>
    </Fields>
    <Metadata />
    <LastModifiedOn>2024-09-24T19:16:31.993</LastModifiedOn>
    <ResourceAccessTokens>
      <ResourceAccess>
        <ResourceIdentity>
          <Id>7DF43CCDF24611D2804B00104B71BD15</Id>
          <AutomaticallyPopulate>true</AutomaticallyPopulate>
          <Name>Everyone</Name>
          <ResourceType>GroupOfWorkers</ResourceType>
          <EmailAddress />
          <UserId />
          <ManagerialLevel>0</ManagerialLevel>
        </ResourceIdentity>
        <AccessType>MaintenanceAccess</AccessType>
        <PermissionType>FullControl</PermissionType>
      </ResourceAccess>
    </ResourceAccessTokens>
    <ResourcePermissionType>FullControl</ResourcePermissionType>
  </WorkQueueDefinition>
</ArrayOfWorkQueueDefinition>