<?xml version="1.0" encoding="utf-16"?>
<ArrayOfProjectInfo xmlns:xsd="http://www.w3.org/2001/XMLSchema" xmlns:xsi="http://www.w3.org/2001/XMLSchema-instance">
  <ProjectInfo>
    <Identity>
      <Id>298522E957EB8183DA310ADB769A56AF</Id>
      <Version>19</Version>
      <Name>ZuvaContracts</Name>
    </Identity>
    <Category>
      <Id>5518521B5C2C417E95C12575AF8B7F9A</Id>
      <AutomaticallyPopulate>true</AutomaticallyPopulate>
      <Name>Zuva Connector</Name>
      <Description />
    </Category>
    <Name>ZuvaContracts</Name>
    <Description />
    <Status>Released</Status>
    <LastModifiedProjectFile>2023-06-22T13:52:53.53</LastModifiedProjectFile>
    <LastModifiedProjectFolderZip>2023-03-08T00:45:07.08</LastModifiedProjectFolderZip>
    <LastModifiedUser>
      <Id>26E770722735487EA4C6AA47DCC53FE3</Id>
      <AutomaticallyPopulate>true</AutomaticallyPopulate>
      <Name />
      <ResourceType>Worker</ResourceType>
      <EmailAddress />
      <UserId />
      <ManagerialLevel>0</ManagerialLevel>
    </LastModifiedUser>
    <OnlineLearningFolderId />
    <ProjectType>ClassificationGroup</ProjectType>
    <IsOnlineLearningEnabled>false</IsOnlineLearningEnabled>
    <IsSeparationEnabled>false</IsSeparationEnabled>
    <LockedByModule>None</LockedByModule>
    <IsSimpleProject>false</IsSimpleProject>
    <TrainingSetPath />
    <UsedLicenseFeatures>None</UsedLicenseFeatures>
    <ConfigurationSet>&lt;?xml version="1.0" encoding="utf-8"?&gt;
&lt;ConfigSetFile xmlns:xsi="http://www.w3.org/2001/XMLSchema-instance" xmlns:xsd="http://www.w3.org/2001/XMLSchema"&gt;
  &lt;Name&gt;DefaultTAConfigSet&lt;/Name&gt;
  &lt;Groups&gt;
    &lt;ConfigSetGroup&gt;
      &lt;Name&gt;OnlineLearning&lt;/Name&gt;
      &lt;Objects /&gt;
      &lt;Properties&gt;
        &lt;ConfigSetProperty&gt;
          &lt;Name&gt;Path&lt;/Name&gt;
          &lt;Value&gt;C:\ProgramData\Kofax Transformation\OnlineLearning\project&lt;/Value&gt;
          &lt;Index&gt;0&lt;/Index&gt;
        &lt;/ConfigSetProperty&gt;
      &lt;/Properties&gt;
    &lt;/ConfigSetGroup&gt;
  &lt;/Groups&gt;
&lt;/ConfigSetFile&gt;</ConfigurationSet>
    <IsReadOnly>false</IsReadOnly>
    <DoUpgrade>false</DoUpgrade>
    <CustomVersion>0</CustomVersion>
    <IsLimitedToOnlineLearning>false</IsLimitedToOnlineLearning>
    <IsCaptureSolutionProject>false</IsCaptureSolutionProject>
    <QuickClassificationBaseDocTypeId />
    <SourceControlStatus>NotInSourceControl</SourceControlStatus>
    <RequiredLicenses />
  </ProjectInfo>
  <ProjectInfo>
    <Identity>
      <Id>5D4A284699199415BF4E64960A81C333</Id>
      <Version>16</Version>
      <Name>ZuvaContracts</Name>
    </Identity>
    <Category>
      <Id>5518521B5C2C417E95C12575AF8B7F9A</Id>
      <AutomaticallyPopulate>true</AutomaticallyPopulate>
      <Name>Zuva Connector</Name>
      <Description />
    </Category>
    <Name>ZuvaContracts</Name>
    <Description />
    <Status>Released</Status>
    <LastModifiedProjectFile>2023-06-22T13:52:53.39</LastModifiedProjectFile>
    <LastModifiedProjectFolderZip>0001-01-01T00:00:00</LastModifiedProjectFolderZip>
    <LastModifiedUser>
      <Id>26E770722735487EA4C6AA47DCC53FE3</Id>
      <AutomaticallyPopulate>true</AutomaticallyPopulate>
      <Name />
      <ResourceType>Worker</ResourceType>
      <EmailAddress />
      <UserId />
      <ManagerialLevel>0</ManagerialLevel>
    </LastModifiedUser>
    <OnlineLearningFolderId />
    <ProjectType>DocumentGroup</ProjectType>
    <IsOnlineLearningEnabled>false</IsOnlineLearningEnabled>
    <IsSeparationEnabled>false</IsSeparationEnabled>
    <LockedByModule>None</LockedByModule>
    <IsSimpleProject>false</IsSimpleProject>
    <TrainingSetPath />
    <UsedLicenseFeatures>None</UsedLicenseFeatures>
    <IsReadOnly>false</IsReadOnly>
    <DoUpgrade>false</DoUpgrade>
    <CustomVersion>0</CustomVersion>
    <IsLimitedToOnlineLearning>false</IsLimitedToOnlineLearning>
    <IsCaptureSolutionProject>false</IsCaptureSolutionProject>
    <QuickClassificationBaseDocTypeId />
    <SourceControlStatus>NotInSourceControl</SourceControlStatus>
    <RequiredLicenses />
  </ProjectInfo>
</ArrayOfProjectInfo>