<?xml version="1.0" encoding="utf-16"?>
<ArrayOfDocumentGroup xmlns:xsd="http://www.w3.org/2001/XMLSchema" xmlns:xsi="http://www.w3.org/2001/XMLSchema-instance">
  <DocumentGroup>
    <Identity>
      <Id>5D4A284699199415BF4E64960A81C333</Id>
      <AutomaticallyPopulate>true</AutomaticallyPopulate>
      <Version>16</Version>
      <Name>ZuvaContracts</Name>
    </Identity>
    <Name>ZuvaContracts</Name>
    <Description />
    <Status>Released</Status>
    <IsShared>false</IsShared>
    <Category>
      <Id>5518521B5C2C417E95C12575AF8B7F9A</Id>
      <AutomaticallyPopulate>true</AutomaticallyPopulate>
      <Name>Zuva Connector</Name>
      <Description />
    </Category>
    <DocumentTypes>
      <DocumentType>
        <Identity>
          <Id>1A0BE1508EA1F36A78C445E4CFE2A042</Id>
          <Version>16</Version>
          <Name />
        </Identity>
        <Name />
        <Description />
        <Status>Released</Status>
        <FieldGroups>
          <FieldGroup>
            <Identity>
              <Id>3C43713DB8CDBF8626B9BA0132E6D31D</Id>
            </Identity>
            <Name>Contract</Name>
            <Fields>
              <CaptureField xsi:type="SimpleField">
                <Identity>
                  <Id>03A83E42887A8FBC303B531F9A3AFB7D</Id>
                  <Name />
                </Identity>
                <Name>Pricing</Name>
                <DisplayName>Contract Fees Total</DisplayName>
                <Description />
                <FieldType>Number</FieldType>
                <Validators />
                <Formatter>
                  <Id>5B82C383EA4F2730CB27765EC6741E34</Id>
                  <Name>ZuvaCurrency</Name>
                </Formatter>
                <Verification>
                  <IsVerificationDisplayField>false</IsVerificationDisplayField>
                  <VerificationMode>Confirm</VerificationMode>
                  <CanChangeFieldValue>true</CanChangeFieldValue>
                  <ShowFieldValueIfNoMatch>false</ShowFieldValueIfNoMatch>
                </Verification>
                <IsInherited>false</IsInherited>
                <RequireManualFieldConfirmation>false</RequireManualFieldConfirmation>
                <AlwaysValid>false</AlwaysValid>
                <IsOverridden>false</IsOverridden>
                <IsFormatterOverridden>false</IsFormatterOverridden>
                <MonitorForAutomaticOnlineLearning>false</MonitorForAutomaticOnlineLearning>
                <Editable>false</Editable>
                <IsOptional>false</IsOptional>
                <FormatterInputs />
                <FieldGroupName />
                <FieldGroupId />
                <ExcludeFromAnalytics>false</ExcludeFromAnalytics>
                <AllFieldChanges>false</AllFieldChanges>
                <MaskValueInAnalytics>false</MaskValueInAnalytics>
                <MaskImageForHiddenField>false</MaskImageForHiddenField>
                <IsPredefinedColumn>false</IsPredefinedColumn>
                <DefaultValue xsi:type="xsd:int">0</DefaultValue>
                <ChoiceItemsSource />
                <Lookup />
                <IsDefaultValueOverridden>false</IsDefaultValueOverridden>
                <ValidateValueAgainstChoiceValues>false</ValidateValueAgainstChoiceValues>
              </CaptureField>
              <CaptureField xsi:type="SimpleField">
                <Identity>
                  <Id>2BA94D18DD3BCE8C3BC62B465816FE86</Id>
                  <Name />
                </Identity>
                <Name>RiskScore</Name>
                <DisplayName>Contract Risk Score</DisplayName>
                <Description />
                <FieldType>Choice</FieldType>
                <Validators />
                <Formatter>
                  <Id />
                  <Name />
                </Formatter>
                <Verification>
                  <IsVerificationDisplayField>false</IsVerificationDisplayField>
                  <VerificationMode>Confirm</VerificationMode>
                  <CanChangeFieldValue>true</CanChangeFieldValue>
                  <ShowFieldValueIfNoMatch>false</ShowFieldValueIfNoMatch>
                </Verification>
                <IsInherited>false</IsInherited>
                <RequireManualFieldConfirmation>false</RequireManualFieldConfirmation>
                <AlwaysValid>false</AlwaysValid>
                <IsOverridden>false</IsOverridden>
                <IsFormatterOverridden>false</IsFormatterOverridden>
                <MonitorForAutomaticOnlineLearning>false</MonitorForAutomaticOnlineLearning>
                <Editable>false</Editable>
                <IsOptional>false</IsOptional>
                <FormatterInputs />
                <FieldGroupName />
                <FieldGroupId />
                <ExcludeFromAnalytics>false</ExcludeFromAnalytics>
                <AllFieldChanges>false</AllFieldChanges>
                <MaskValueInAnalytics>false</MaskValueInAnalytics>
                <MaskImageForHiddenField>false</MaskImageForHiddenField>
                <IsPredefinedColumn>false</IsPredefinedColumn>
                <DefaultValue xsi:type="xsd:string" />
                <ChoiceItemsSource>
                  <ChoiceDataSourceEntity>
                    <IsInputPrompt>false</IsInputPrompt>
                    <Id>B9E1EF3BB1EBBD7B0295396936EACC50</Id>
                    <DisplayMember xsi:type="xsd:string">Low</DisplayMember>
                    <ValueMember xsi:type="xsd:string">Low</ValueMember>
                    <IsDefaultValue>false</IsDefaultValue>
                    <IsInherited>false</IsInherited>
                  </ChoiceDataSourceEntity>
                  <ChoiceDataSourceEntity>
                    <IsInputPrompt>false</IsInputPrompt>
                    <Id>68F87535CD684573E49889C704ED9F13</Id>
                    <DisplayMember xsi:type="xsd:string">Medium</DisplayMember>
                    <ValueMember xsi:type="xsd:string">Medium</ValueMember>
                    <IsDefaultValue>false</IsDefaultValue>
                    <IsInherited>false</IsInherited>
                  </ChoiceDataSourceEntity>
                  <ChoiceDataSourceEntity>
                    <IsInputPrompt>false</IsInputPrompt>
                    <Id>88D05FECF00FA56D0533231E1613B207</Id>
                    <DisplayMember xsi:type="xsd:string">High</DisplayMember>
                    <ValueMember xsi:type="xsd:string">High</ValueMember>
                    <IsDefaultValue>false</IsDefaultValue>
                    <IsInherited>false</IsInherited>
                  </ChoiceDataSourceEntity>
                </ChoiceItemsSource>
                <Lookup />
                <IsDefaultValueOverridden>false</IsDefaultValueOverridden>
                <ValidateValueAgainstChoiceValues>false</ValidateValueAgainstChoiceValues>
              </CaptureField>
              <CaptureField xsi:type="SimpleField">
                <Identity>
                  <Id>F3E660C4DEEFFD32C30D1BEA968BE864</Id>
                  <Name />
                </Identity>
                <Name>Date</Name>
                <DisplayName>Contract Expiration Date</DisplayName>
                <Description />
                <FieldType>Text</FieldType>
                <Validators />
                <Formatter>
                  <Id>E387C6FACA61452AFD6C5CA105F33497</Id>
                  <Name>Zuva Date Formatter</Name>
                </Formatter>
                <Verification>
                  <IsVerificationDisplayField>false</IsVerificationDisplayField>
                  <VerificationMode>Confirm</VerificationMode>
                  <CanChangeFieldValue>true</CanChangeFieldValue>
                  <ShowFieldValueIfNoMatch>false</ShowFieldValueIfNoMatch>
                </Verification>
                <IsInherited>false</IsInherited>
                <RequireManualFieldConfirmation>false</RequireManualFieldConfirmation>
                <AlwaysValid>false</AlwaysValid>
                <IsOverridden>false</IsOverridden>
                <IsFormatterOverridden>false</IsFormatterOverridden>
                <MonitorForAutomaticOnlineLearning>false</MonitorForAutomaticOnlineLearning>
                <Editable>false</Editable>
                <IsOptional>false</IsOptional>
                <FormatterInputs />
                <FieldGroupName />
                <FieldGroupId />
                <ExcludeFromAnalytics>false</ExcludeFromAnalytics>
                <AllFieldChanges>false</AllFieldChanges>
                <MaskValueInAnalytics>false</MaskValueInAnalytics>
                <MaskImageForHiddenField>false</MaskImageForHiddenField>
                <IsPredefinedColumn>false</IsPredefinedColumn>
                <DefaultValue xsi:type="xsd:string" />
                <ChoiceItemsSource />
                <Lookup />
                <IsDefaultValueOverridden>false</IsDefaultValueOverridden>
                <ValidateValueAgainstChoiceValues>false</ValidateValueAgainstChoiceValues>
              </CaptureField>
              <CaptureField xsi:type="SimpleField">
                <Identity>
                  <Id>5BBA2E36D831570C7B7EDF51D16E8584</Id>
                  <Name />
                </Identity>
                <Name>RiskScoreNum</Name>
                <DisplayName>Contract Risk Score Number</DisplayName>
                <Description />
                <FieldType>Number</FieldType>
                <Validators />
                <Formatter>
                  <Id />
                  <Name />
                </Formatter>
                <Verification>
                  <IsVerificationDisplayField>false</IsVerificationDisplayField>
                  <VerificationMode>Confirm</VerificationMode>
                  <CanChangeFieldValue>true</CanChangeFieldValue>
                  <ShowFieldValueIfNoMatch>false</ShowFieldValueIfNoMatch>
                </Verification>
                <IsInherited>false</IsInherited>
                <RequireManualFieldConfirmation>false</RequireManualFieldConfirmation>
                <AlwaysValid>false</AlwaysValid>
                <IsOverridden>false</IsOverridden>
                <IsFormatterOverridden>false</IsFormatterOverridden>
                <MonitorForAutomaticOnlineLearning>false</MonitorForAutomaticOnlineLearning>
                <Editable>false</Editable>
                <IsOptional>false</IsOptional>
                <FormatterInputs />
                <FieldGroupName />
                <FieldGroupId />
                <ExcludeFromAnalytics>false</ExcludeFromAnalytics>
                <AllFieldChanges>false</AllFieldChanges>
                <MaskValueInAnalytics>false</MaskValueInAnalytics>
                <MaskImageForHiddenField>false</MaskImageForHiddenField>
                <IsPredefinedColumn>false</IsPredefinedColumn>
                <DefaultValue xsi:type="xsd:int">0</DefaultValue>
                <ChoiceItemsSource />
                <Lookup />
                <IsDefaultValueOverridden>false</IsDefaultValueOverridden>
                <ValidateValueAgainstChoiceValues>false</ValidateValueAgainstChoiceValues>
              </CaptureField>
              <CaptureField xsi:type="SimpleField">
                <Identity>
                  <Id>04439FBAD9DB6BF4561C8FAC78FE0505</Id>
                  <Name />
                </Identity>
                <Name>ContractFileName</Name>
                <DisplayName>Contract File Name</DisplayName>
                <Description />
                <FieldType>Text</FieldType>
                <Validators />
                <Formatter>
                  <Id />
                  <Name />
                </Formatter>
                <Verification>
                  <IsVerificationDisplayField>false</IsVerificationDisplayField>
                  <VerificationMode>Confirm</VerificationMode>
                  <CanChangeFieldValue>true</CanChangeFieldValue>
                  <ShowFieldValueIfNoMatch>false</ShowFieldValueIfNoMatch>
                </Verification>
                <IsInherited>false</IsInherited>
                <RequireManualFieldConfirmation>false</RequireManualFieldConfirmation>
                <AlwaysValid>false</AlwaysValid>
                <IsOverridden>false</IsOverridden>
                <IsFormatterOverridden>false</IsFormatterOverridden>
                <MonitorForAutomaticOnlineLearning>false</MonitorForAutomaticOnlineLearning>
                <Editable>false</Editable>
                <IsOptional>false</IsOptional>
                <FormatterInputs />
                <FieldGroupName />
                <FieldGroupId />
                <ExcludeFromAnalytics>false</ExcludeFromAnalytics>
                <AllFieldChanges>false</AllFieldChanges>
                <MaskValueInAnalytics>false</MaskValueInAnalytics>
                <MaskImageForHiddenField>false</MaskImageForHiddenField>
                <IsPredefinedColumn>false</IsPredefinedColumn>
                <DefaultValue xsi:type="xsd:string" />
                <ChoiceItemsSource />
                <Lookup />
                <IsDefaultValueOverridden>false</IsDefaultValueOverridden>
                <ValidateValueAgainstChoiceValues>false</ValidateValueAgainstChoiceValues>
              </CaptureField>
              <CaptureField xsi:type="SimpleField">
                <Identity>
                  <Id>20D363B5D84225DA53EC5EF3D60A37C9</Id>
                  <Name />
                </Identity>
                <Name>MissingClause</Name>
                <DisplayName>Contract Clause Exists</DisplayName>
                <Description />
                <FieldType>Text</FieldType>
                <Validators />
                <Formatter>
                  <Id />
                  <Name />
                </Formatter>
                <Verification>
                  <IsVerificationDisplayField>false</IsVerificationDisplayField>
                  <VerificationMode>Confirm</VerificationMode>
                  <CanChangeFieldValue>true</CanChangeFieldValue>
                  <ShowFieldValueIfNoMatch>false</ShowFieldValueIfNoMatch>
                </Verification>
                <IsInherited>false</IsInherited>
                <RequireManualFieldConfirmation>false</RequireManualFieldConfirmation>
                <AlwaysValid>false</AlwaysValid>
                <IsOverridden>false</IsOverridden>
                <IsFormatterOverridden>false</IsFormatterOverridden>
                <MonitorForAutomaticOnlineLearning>false</MonitorForAutomaticOnlineLearning>
                <Editable>false</Editable>
                <IsOptional>false</IsOptional>
                <FormatterInputs />
                <FieldGroupName />
                <FieldGroupId />
                <ExcludeFromAnalytics>false</ExcludeFromAnalytics>
                <AllFieldChanges>false</AllFieldChanges>
                <MaskValueInAnalytics>false</MaskValueInAnalytics>
                <MaskImageForHiddenField>false</MaskImageForHiddenField>
                <IsPredefinedColumn>false</IsPredefinedColumn>
                <DefaultValue xsi:type="xsd:string" />
                <ChoiceItemsSource />
                <Lookup />
                <IsDefaultValueOverridden>false</IsDefaultValueOverridden>
                <ValidateValueAgainstChoiceValues>false</ValidateValueAgainstChoiceValues>
              </CaptureField>
              <CaptureField xsi:type="SimpleField">
                <Identity>
                  <Id>F8BEC4684960EEA3B24210A4869C2718</Id>
                  <Name />
                </Identity>
                <Name>Borrower</Name>
                <DisplayName>Contract Parties</DisplayName>
                <Description />
                <FieldType>Text</FieldType>
                <Validators />
                <Formatter>
                  <Id />
                  <Name />
                </Formatter>
                <Verification>
                  <IsVerificationDisplayField>false</IsVerificationDisplayField>
                  <VerificationMode>Confirm</VerificationMode>
                  <CanChangeFieldValue>true</CanChangeFieldValue>
                  <ShowFieldValueIfNoMatch>false</ShowFieldValueIfNoMatch>
                </Verification>
                <IsInherited>false</IsInherited>
                <RequireManualFieldConfirmation>false</RequireManualFieldConfirmation>
                <AlwaysValid>false</AlwaysValid>
                <IsOverridden>false</IsOverridden>
                <IsFormatterOverridden>false</IsFormatterOverridden>
                <MonitorForAutomaticOnlineLearning>false</MonitorForAutomaticOnlineLearning>
                <Editable>false</Editable>
                <IsOptional>false</IsOptional>
                <FormatterInputs />
                <FieldGroupName />
                <FieldGroupId />
                <ExcludeFromAnalytics>false</ExcludeFromAnalytics>
                <AllFieldChanges>false</AllFieldChanges>
                <MaskValueInAnalytics>false</MaskValueInAnalytics>
                <MaskImageForHiddenField>false</MaskImageForHiddenField>
                <IsPredefinedColumn>false</IsPredefinedColumn>
                <DefaultValue xsi:type="xsd:string" />
                <ChoiceItemsSource />
                <Lookup />
                <IsDefaultValueOverridden>false</IsDefaultValueOverridden>
                <ValidateValueAgainstChoiceValues>false</ValidateValueAgainstChoiceValues>
              </CaptureField>
              <CaptureField xsi:type="SimpleField">
                <Identity>
                  <Id>F316F6A229A78F98B01B0191828A6B4C</Id>
                  <Name />
                </Identity>
                <Name>DocumentType</Name>
                <DisplayName>Contract Document Type</DisplayName>
                <Description />
                <FieldType>Text</FieldType>
                <Validators />
                <Formatter>
                  <Id />
                  <Name />
                </Formatter>
                <Verification>
                  <IsVerificationDisplayField>false</IsVerificationDisplayField>
                  <VerificationMode>Confirm</VerificationMode>
                  <CanChangeFieldValue>true</CanChangeFieldValue>
                  <ShowFieldValueIfNoMatch>false</ShowFieldValueIfNoMatch>
                </Verification>
                <IsInherited>false</IsInherited>
                <RequireManualFieldConfirmation>false</RequireManualFieldConfirmation>
                <AlwaysValid>false</AlwaysValid>
                <IsOverridden>false</IsOverridden>
                <IsFormatterOverridden>false</IsFormatterOverridden>
                <MonitorForAutomaticOnlineLearning>false</MonitorForAutomaticOnlineLearning>
                <Editable>false</Editable>
                <IsOptional>false</IsOptional>
                <FormatterInputs />
                <FieldGroupName />
                <FieldGroupId />
                <ExcludeFromAnalytics>false</ExcludeFromAnalytics>
                <AllFieldChanges>false</AllFieldChanges>
                <MaskValueInAnalytics>false</MaskValueInAnalytics>
                <MaskImageForHiddenField>false</MaskImageForHiddenField>
                <IsPredefinedColumn>false</IsPredefinedColumn>
                <DefaultValue xsi:type="xsd:string" />
                <ChoiceItemsSource />
                <Lookup />
                <IsDefaultValueOverridden>false</IsDefaultValueOverridden>
                <ValidateValueAgainstChoiceValues>false</ValidateValueAgainstChoiceValues>
              </CaptureField>
              <CaptureField xsi:type="SimpleField">
                <Identity>
                  <Id>B693800DE23FF09131AE3CDCF5C3F8D7</Id>
                  <Name />
                </Identity>
                <Name>ClauseCheck</Name>
                <DisplayName>Contract Class Reviewed</DisplayName>
                <Description />
                <FieldType>Text</FieldType>
                <Validators />
                <Verification>
                  <IsVerificationDisplayField>false</IsVerificationDisplayField>
                  <VerificationMode>Confirm</VerificationMode>
                  <CanChangeFieldValue>true</CanChangeFieldValue>
                  <ShowFieldValueIfNoMatch>false</ShowFieldValueIfNoMatch>
                </Verification>
                <IsInherited>false</IsInherited>
                <RequireManualFieldConfirmation>false</RequireManualFieldConfirmation>
                <AlwaysValid>false</AlwaysValid>
                <IsOverridden>false</IsOverridden>
                <IsFormatterOverridden>false</IsFormatterOverridden>
                <MonitorForAutomaticOnlineLearning>false</MonitorForAutomaticOnlineLearning>
                <Editable>false</Editable>
                <IsOptional>false</IsOptional>
                <FormatterInputs />
                <FieldGroupName />
                <FieldGroupId />
                <ExcludeFromAnalytics>false</ExcludeFromAnalytics>
                <AllFieldChanges>false</AllFieldChanges>
                <MaskValueInAnalytics>false</MaskValueInAnalytics>
                <MaskImageForHiddenField>false</MaskImageForHiddenField>
                <IsPredefinedColumn>false</IsPredefinedColumn>
                <DefaultValue xsi:type="xsd:string" />
                <ChoiceItemsSource />
                <Lookup />
                <IsDefaultValueOverridden>false</IsDefaultValueOverridden>
                <ValidateValueAgainstChoiceValues>false</ValidateValueAgainstChoiceValues>
              </CaptureField>
            </Fields>
            <ResourceACL>
              <ResourceIdentity>
                <Id>7DF43CCDF24611D2804B00104B71BD15</Id>
                <AutomaticallyPopulate>true</AutomaticallyPopulate>
                <Name>Everyone</Name>
                <ResourceType>GroupOfWorkers</ResourceType>
                <EmailAddress />
                <UserId />
                <ManagerialLevel>0</ManagerialLevel>
              </ResourceIdentity>
            </ResourceACL>
            <ImageRedactionZones />
            <IsInherited>false</IsInherited>
            <MaskImageForHiddenFields>false</MaskImageForHiddenFields>
          </FieldGroup>
        </FieldGroups>
        <FieldValidators />
        <DocumentTypeValidator>
          <Identity>
            <Id />
            <Name />
          </Identity>
          <DocumentStandardValidator>
            <Identity>
              <Id />
              <Name />
            </Identity>
            <FailureMessage />
            <NumberOfPages>1</NumberOfPages>
            <PageCountLevel>Exactly</PageCountLevel>
          </DocumentStandardValidator>
          <DocumentValidators />
        </DocumentTypeValidator>
        <HasStandardValidator>false</HasStandardValidator>
        <PdfSettings>
          <Title />
          <SkipFirstPage>false</SkipFirstPage>
          <Subject />
          <Author />
          <Keywords />
          <Application />
          <Producer />
        </PdfSettings>
        <NameTemplate>[DocumentType]</NameTemplate>
        <OnlineLearningFolderId />
        <AutomaticOnlineLearningEnabled>false</AutomaticOnlineLearningEnabled>
        <Forms>
          <ScanForm>
            <Id />
            <AutomaticallyPopulate>true</AutomaticallyPopulate>
            <Version>0</Version>
          </ScanForm>
          <ValidationForm>
            <Id />
            <AutomaticallyPopulate>true</AutomaticallyPopulate>
            <Version>0</Version>
          </ValidationForm>
          <VerificationForm>
            <Id />
            <AutomaticallyPopulate>true</AutomaticallyPopulate>
            <Version>0</Version>
          </VerificationForm>
          <DocumentReviewForm>
            <Id />
            <AutomaticallyPopulate>true</AutomaticallyPopulate>
            <Version>0</Version>
          </DocumentReviewForm>
        </Forms>
        <AvailableForManualClassification>true</AvailableForManualClassification>
        <TableFieldExportDelimiter>;</TableFieldExportDelimiter>
        <TemplateImage>
          <Id />
          <Name />
          <AssetType>Image</AssetType>
          <AutomaticallyPopulate>true</AutomaticallyPopulate>
          <StorageId>0</StorageId>
        </TemplateImage>
        <IsTemplateImageOverriden>false</IsTemplateImageOverriden>
        <MonitorForClassificationOnlineLearning>false</MonitorForClassificationOnlineLearning>
        <PostValidationHandler>
          <IsPostValidationHandlingEnabled>false</IsPostValidationHandlingEnabled>
          <ProcessIdentity>
            <Id />
            <AutomaticallyPopulate>true</AutomaticallyPopulate>
            <Version>0</Version>
            <Name />
          </ProcessIdentity>
        </PostValidationHandler>
        <IsPartial>false</IsPartial>
      </DocumentType>
      <DocumentType>
        <Identity>
          <Id>D05A3269010F4FB3B47660E3D20949A5</Id>
          <Version>16</Version>
          <Name>Contract</Name>
        </Identity>
        <Name>Contract</Name>
        <Description />
        <Status>Released</Status>
        <FieldGroups>
          <FieldGroup>
            <Identity>
              <Id>3C43713DB8CDBF8626B9BA0132E6D31D</Id>
            </Identity>
            <Name>Contract</Name>
            <Fields>
              <CaptureField xsi:type="SimpleField">
                <Identity>
                  <Id>03A83E42887A8FBC303B531F9A3AFB7D</Id>
                  <Name />
                </Identity>
                <Name>Pricing</Name>
                <DisplayName>Contract Fees Total</DisplayName>
                <Description />
                <FieldType>Number</FieldType>
                <Validators />
                <Formatter>
                  <Id>5B82C383EA4F2730CB27765EC6741E34</Id>
                  <Name>ZuvaCurrency</Name>
                </Formatter>
                <Verification>
                  <IsVerificationDisplayField>false</IsVerificationDisplayField>
                  <VerificationMode>Confirm</VerificationMode>
                  <CanChangeFieldValue>true</CanChangeFieldValue>
                  <ShowFieldValueIfNoMatch>false</ShowFieldValueIfNoMatch>
                </Verification>
                <IsInherited>true</IsInherited>
                <RequireManualFieldConfirmation>false</RequireManualFieldConfirmation>
                <AlwaysValid>false</AlwaysValid>
                <IsOverridden>false</IsOverridden>
                <IsFormatterOverridden>false</IsFormatterOverridden>
                <MonitorForAutomaticOnlineLearning>false</MonitorForAutomaticOnlineLearning>
                <Editable>false</Editable>
                <IsOptional>false</IsOptional>
                <FormatterInputs />
                <FieldGroupName />
                <FieldGroupId />
                <ExcludeFromAnalytics>false</ExcludeFromAnalytics>
                <AllFieldChanges>false</AllFieldChanges>
                <MaskValueInAnalytics>false</MaskValueInAnalytics>
                <MaskImageForHiddenField>false</MaskImageForHiddenField>
                <IsPredefinedColumn>false</IsPredefinedColumn>
                <DefaultValue xsi:type="xsd:int">0</DefaultValue>
                <ChoiceItemsSource />
                <Lookup />
                <IsDefaultValueOverridden>false</IsDefaultValueOverridden>
                <ValidateValueAgainstChoiceValues>false</ValidateValueAgainstChoiceValues>
              </CaptureField>
              <CaptureField xsi:type="SimpleField">
                <Identity>
                  <Id>2BA94D18DD3BCE8C3BC62B465816FE86</Id>
                  <Name />
                </Identity>
                <Name>RiskScore</Name>
                <DisplayName>Contract Risk Score</DisplayName>
                <Description />
                <FieldType>Choice</FieldType>
                <Validators />
                <Formatter>
                  <Id />
                  <Name />
                </Formatter>
                <Verification>
                  <IsVerificationDisplayField>false</IsVerificationDisplayField>
                  <VerificationMode>Confirm</VerificationMode>
                  <CanChangeFieldValue>true</CanChangeFieldValue>
                  <ShowFieldValueIfNoMatch>false</ShowFieldValueIfNoMatch>
                </Verification>
                <IsInherited>true</IsInherited>
                <RequireManualFieldConfirmation>false</RequireManualFieldConfirmation>
                <AlwaysValid>false</AlwaysValid>
                <IsOverridden>false</IsOverridden>
                <IsFormatterOverridden>false</IsFormatterOverridden>
                <MonitorForAutomaticOnlineLearning>false</MonitorForAutomaticOnlineLearning>
                <Editable>false</Editable>
                <IsOptional>false</IsOptional>
                <FormatterInputs />
                <FieldGroupName />
                <FieldGroupId />
                <ExcludeFromAnalytics>false</ExcludeFromAnalytics>
                <AllFieldChanges>false</AllFieldChanges>
                <MaskValueInAnalytics>false</MaskValueInAnalytics>
                <MaskImageForHiddenField>false</MaskImageForHiddenField>
                <IsPredefinedColumn>false</IsPredefinedColumn>
                <DefaultValue xsi:type="xsd:string" />
                <ChoiceItemsSource>
                  <ChoiceDataSourceEntity>
                    <IsInputPrompt>false</IsInputPrompt>
                    <Id>B9E1EF3BB1EBBD7B0295396936EACC50</Id>
                    <DisplayMember xsi:type="xsd:string">Low</DisplayMember>
                    <ValueMember xsi:type="xsd:string">Low</ValueMember>
                    <IsDefaultValue>false</IsDefaultValue>
                    <IsInherited>true</IsInherited>
                  </ChoiceDataSourceEntity>
                  <ChoiceDataSourceEntity>
                    <IsInputPrompt>false</IsInputPrompt>
                    <Id>68F87535CD684573E49889C704ED9F13</Id>
                    <DisplayMember xsi:type="xsd:string">Medium</DisplayMember>
                    <ValueMember xsi:type="xsd:string">Medium</ValueMember>
                    <IsDefaultValue>false</IsDefaultValue>
                    <IsInherited>true</IsInherited>
                  </ChoiceDataSourceEntity>
                  <ChoiceDataSourceEntity>
                    <IsInputPrompt>false</IsInputPrompt>
                    <Id>88D05FECF00FA56D0533231E1613B207</Id>
                    <DisplayMember xsi:type="xsd:string">High</DisplayMember>
                    <ValueMember xsi:type="xsd:string">High</ValueMember>
                    <IsDefaultValue>false</IsDefaultValue>
                    <IsInherited>true</IsInherited>
                  </ChoiceDataSourceEntity>
                </ChoiceItemsSource>
                <Lookup />
                <IsDefaultValueOverridden>false</IsDefaultValueOverridden>
                <ValidateValueAgainstChoiceValues>false</ValidateValueAgainstChoiceValues>
              </CaptureField>
              <CaptureField xsi:type="SimpleField">
                <Identity>
                  <Id>F3E660C4DEEFFD32C30D1BEA968BE864</Id>
                  <Name />
                </Identity>
                <Name>Date</Name>
                <DisplayName>Contract Expiration Date</DisplayName>
                <Description />
                <FieldType>Text</FieldType>
                <Validators />
                <Formatter>
                  <Id>E387C6FACA61452AFD6C5CA105F33497</Id>
                  <Name>Zuva Date Formatter</Name>
                </Formatter>
                <Verification>
                  <IsVerificationDisplayField>false</IsVerificationDisplayField>
                  <VerificationMode>Confirm</VerificationMode>
                  <CanChangeFieldValue>true</CanChangeFieldValue>
                  <ShowFieldValueIfNoMatch>false</ShowFieldValueIfNoMatch>
                </Verification>
                <IsInherited>true</IsInherited>
                <RequireManualFieldConfirmation>false</RequireManualFieldConfirmation>
                <AlwaysValid>false</AlwaysValid>
                <IsOverridden>false</IsOverridden>
                <IsFormatterOverridden>false</IsFormatterOverridden>
                <MonitorForAutomaticOnlineLearning>false</MonitorForAutomaticOnlineLearning>
                <Editable>false</Editable>
                <IsOptional>false</IsOptional>
                <FormatterInputs />
                <FieldGroupName />
                <FieldGroupId />
                <ExcludeFromAnalytics>false</ExcludeFromAnalytics>
                <AllFieldChanges>false</AllFieldChanges>
                <MaskValueInAnalytics>false</MaskValueInAnalytics>
                <MaskImageForHiddenField>false</MaskImageForHiddenField>
                <IsPredefinedColumn>false</IsPredefinedColumn>
                <DefaultValue xsi:type="xsd:string" />
                <ChoiceItemsSource />
                <Lookup />
                <IsDefaultValueOverridden>false</IsDefaultValueOverridden>
                <ValidateValueAgainstChoiceValues>false</ValidateValueAgainstChoiceValues>
              </CaptureField>
              <CaptureField xsi:type="SimpleField">
                <Identity>
                  <Id>5BBA2E36D831570C7B7EDF51D16E8584</Id>
                  <Name />
                </Identity>
                <Name>RiskScoreNum</Name>
                <DisplayName>Contract Risk Score Number</DisplayName>
                <Description />
                <FieldType>Number</FieldType>
                <Validators />
                <Formatter>
                  <Id />
                  <Name />
                </Formatter>
                <Verification>
                  <IsVerificationDisplayField>false</IsVerificationDisplayField>
                  <VerificationMode>Confirm</VerificationMode>
                  <CanChangeFieldValue>true</CanChangeFieldValue>
                  <ShowFieldValueIfNoMatch>false</ShowFieldValueIfNoMatch>
                </Verification>
                <IsInherited>true</IsInherited>
                <RequireManualFieldConfirmation>false</RequireManualFieldConfirmation>
                <AlwaysValid>false</AlwaysValid>
                <IsOverridden>false</IsOverridden>
                <IsFormatterOverridden>false</IsFormatterOverridden>
                <MonitorForAutomaticOnlineLearning>false</MonitorForAutomaticOnlineLearning>
                <Editable>false</Editable>
                <IsOptional>false</IsOptional>
                <FormatterInputs />
                <FieldGroupName />
                <FieldGroupId />
                <ExcludeFromAnalytics>false</ExcludeFromAnalytics>
                <AllFieldChanges>false</AllFieldChanges>
                <MaskValueInAnalytics>false</MaskValueInAnalytics>
                <MaskImageForHiddenField>false</MaskImageForHiddenField>
                <IsPredefinedColumn>false</IsPredefinedColumn>
                <DefaultValue xsi:type="xsd:int">0</DefaultValue>
                <ChoiceItemsSource />
                <Lookup />
                <IsDefaultValueOverridden>false</IsDefaultValueOverridden>
                <ValidateValueAgainstChoiceValues>false</ValidateValueAgainstChoiceValues>
              </CaptureField>
              <CaptureField xsi:type="SimpleField">
                <Identity>
                  <Id>04439FBAD9DB6BF4561C8FAC78FE0505</Id>
                  <Name />
                </Identity>
                <Name>ContractFileName</Name>
                <DisplayName>Contract File Name</DisplayName>
                <Description />
                <FieldType>Text</FieldType>
                <Validators />
                <Formatter>
                  <Id />
                  <Name />
                </Formatter>
                <Verification>
                  <IsVerificationDisplayField>false</IsVerificationDisplayField>
                  <VerificationMode>Confirm</VerificationMode>
                  <CanChangeFieldValue>true</CanChangeFieldValue>
                  <ShowFieldValueIfNoMatch>false</ShowFieldValueIfNoMatch>
                </Verification>
                <IsInherited>true</IsInherited>
                <RequireManualFieldConfirmation>false</RequireManualFieldConfirmation>
                <AlwaysValid>false</AlwaysValid>
                <IsOverridden>false</IsOverridden>
                <IsFormatterOverridden>false</IsFormatterOverridden>
                <MonitorForAutomaticOnlineLearning>false</MonitorForAutomaticOnlineLearning>
                <Editable>false</Editable>
                <IsOptional>false</IsOptional>
                <FormatterInputs />
                <FieldGroupName />
                <FieldGroupId />
                <ExcludeFromAnalytics>false</ExcludeFromAnalytics>
                <AllFieldChanges>false</AllFieldChanges>
                <MaskValueInAnalytics>false</MaskValueInAnalytics>
                <MaskImageForHiddenField>false</MaskImageForHiddenField>
                <IsPredefinedColumn>false</IsPredefinedColumn>
                <DefaultValue xsi:type="xsd:string" />
                <ChoiceItemsSource />
                <Lookup />
                <IsDefaultValueOverridden>false</IsDefaultValueOverridden>
                <ValidateValueAgainstChoiceValues>false</ValidateValueAgainstChoiceValues>
              </CaptureField>
              <CaptureField xsi:type="SimpleField">
                <Identity>
                  <Id>20D363B5D84225DA53EC5EF3D60A37C9</Id>
                  <Name />
                </Identity>
                <Name>MissingClause</Name>
                <DisplayName>Contract Clause Exists</DisplayName>
                <Description />
                <FieldType>Text</FieldType>
                <Validators />
                <Formatter>
                  <Id />
                  <Name />
                </Formatter>
                <Verification>
                  <IsVerificationDisplayField>false</IsVerificationDisplayField>
                  <VerificationMode>Confirm</VerificationMode>
                  <CanChangeFieldValue>true</CanChangeFieldValue>
                  <ShowFieldValueIfNoMatch>false</ShowFieldValueIfNoMatch>
                </Verification>
                <IsInherited>true</IsInherited>
                <RequireManualFieldConfirmation>false</RequireManualFieldConfirmation>
                <AlwaysValid>false</AlwaysValid>
                <IsOverridden>false</IsOverridden>
                <IsFormatterOverridden>false</IsFormatterOverridden>
                <MonitorForAutomaticOnlineLearning>false</MonitorForAutomaticOnlineLearning>
                <Editable>false</Editable>
                <IsOptional>false</IsOptional>
                <FormatterInputs />
                <FieldGroupName />
                <FieldGroupId />
                <ExcludeFromAnalytics>false</ExcludeFromAnalytics>
                <AllFieldChanges>false</AllFieldChanges>
                <MaskValueInAnalytics>false</MaskValueInAnalytics>
                <MaskImageForHiddenField>false</MaskImageForHiddenField>
                <IsPredefinedColumn>false</IsPredefinedColumn>
                <DefaultValue xsi:type="xsd:string" />
                <ChoiceItemsSource />
                <Lookup />
                <IsDefaultValueOverridden>false</IsDefaultValueOverridden>
                <ValidateValueAgainstChoiceValues>false</ValidateValueAgainstChoiceValues>
              </CaptureField>
              <CaptureField xsi:type="SimpleField">
                <Identity>
                  <Id>F8BEC4684960EEA3B24210A4869C2718</Id>
                  <Name />
                </Identity>
                <Name>Borrower</Name>
                <DisplayName>Contract Parties</DisplayName>
                <Description />
                <FieldType>Text</FieldType>
                <Validators />
                <Formatter>
                  <Id />
                  <Name />
                </Formatter>
                <Verification>
                  <IsVerificationDisplayField>false</IsVerificationDisplayField>
                  <VerificationMode>Confirm</VerificationMode>
                  <CanChangeFieldValue>true</CanChangeFieldValue>
                  <ShowFieldValueIfNoMatch>false</ShowFieldValueIfNoMatch>
                </Verification>
                <IsInherited>true</IsInherited>
                <RequireManualFieldConfirmation>false</RequireManualFieldConfirmation>
                <AlwaysValid>false</AlwaysValid>
                <IsOverridden>false</IsOverridden>
                <IsFormatterOverridden>false</IsFormatterOverridden>
                <MonitorForAutomaticOnlineLearning>false</MonitorForAutomaticOnlineLearning>
                <Editable>false</Editable>
                <IsOptional>false</IsOptional>
                <FormatterInputs />
                <FieldGroupName />
                <FieldGroupId />
                <ExcludeFromAnalytics>false</ExcludeFromAnalytics>
                <AllFieldChanges>false</AllFieldChanges>
                <MaskValueInAnalytics>false</MaskValueInAnalytics>
                <MaskImageForHiddenField>false</MaskImageForHiddenField>
                <IsPredefinedColumn>false</IsPredefinedColumn>
                <DefaultValue xsi:type="xsd:string" />
                <ChoiceItemsSource />
                <Lookup />
                <IsDefaultValueOverridden>false</IsDefaultValueOverridden>
                <ValidateValueAgainstChoiceValues>false</ValidateValueAgainstChoiceValues>
              </CaptureField>
              <CaptureField xsi:type="SimpleField">
                <Identity>
                  <Id>F316F6A229A78F98B01B0191828A6B4C</Id>
                  <Name />
                </Identity>
                <Name>DocumentType</Name>
                <DisplayName>Contract Document Type</DisplayName>
                <Description />
                <FieldType>Text</FieldType>
                <Validators />
                <Formatter>
                  <Id />
                  <Name />
                </Formatter>
                <Verification>
                  <IsVerificationDisplayField>false</IsVerificationDisplayField>
                  <VerificationMode>Confirm</VerificationMode>
                  <CanChangeFieldValue>true</CanChangeFieldValue>
                  <ShowFieldValueIfNoMatch>false</ShowFieldValueIfNoMatch>
                </Verification>
                <IsInherited>true</IsInherited>
                <RequireManualFieldConfirmation>false</RequireManualFieldConfirmation>
                <AlwaysValid>false</AlwaysValid>
                <IsOverridden>false</IsOverridden>
                <IsFormatterOverridden>false</IsFormatterOverridden>
                <MonitorForAutomaticOnlineLearning>false</MonitorForAutomaticOnlineLearning>
                <Editable>false</Editable>
                <IsOptional>false</IsOptional>
                <FormatterInputs />
                <FieldGroupName />
                <FieldGroupId />
                <ExcludeFromAnalytics>false</ExcludeFromAnalytics>
                <AllFieldChanges>false</AllFieldChanges>
                <MaskValueInAnalytics>false</MaskValueInAnalytics>
                <MaskImageForHiddenField>false</MaskImageForHiddenField>
                <IsPredefinedColumn>false</IsPredefinedColumn>
                <DefaultValue xsi:type="xsd:string" />
                <ChoiceItemsSource />
                <Lookup />
                <IsDefaultValueOverridden>false</IsDefaultValueOverridden>
                <ValidateValueAgainstChoiceValues>false</ValidateValueAgainstChoiceValues>
              </CaptureField>
              <CaptureField xsi:type="SimpleField">
                <Identity>
                  <Id>B693800DE23FF09131AE3CDCF5C3F8D7</Id>
                  <Name />
                </Identity>
                <Name>ClauseCheck</Name>
                <DisplayName>Contract Class Reviewed</DisplayName>
                <Description />
                <FieldType>Text</FieldType>
                <Validators />
                <Verification>
                  <IsVerificationDisplayField>false</IsVerificationDisplayField>
                  <VerificationMode>Confirm</VerificationMode>
                  <CanChangeFieldValue>true</CanChangeFieldValue>
                  <ShowFieldValueIfNoMatch>false</ShowFieldValueIfNoMatch>
                </Verification>
                <IsInherited>true</IsInherited>
                <RequireManualFieldConfirmation>false</RequireManualFieldConfirmation>
                <AlwaysValid>false</AlwaysValid>
                <IsOverridden>false</IsOverridden>
                <IsFormatterOverridden>false</IsFormatterOverridden>
                <MonitorForAutomaticOnlineLearning>false</MonitorForAutomaticOnlineLearning>
                <Editable>false</Editable>
                <IsOptional>false</IsOptional>
                <FormatterInputs />
                <FieldGroupName />
                <FieldGroupId />
                <ExcludeFromAnalytics>false</ExcludeFromAnalytics>
                <AllFieldChanges>false</AllFieldChanges>
                <MaskValueInAnalytics>false</MaskValueInAnalytics>
                <MaskImageForHiddenField>false</MaskImageForHiddenField>
                <IsPredefinedColumn>false</IsPredefinedColumn>
                <DefaultValue xsi:type="xsd:string" />
                <ChoiceItemsSource />
                <Lookup />
                <IsDefaultValueOverridden>false</IsDefaultValueOverridden>
                <ValidateValueAgainstChoiceValues>false</ValidateValueAgainstChoiceValues>
              </CaptureField>
            </Fields>
            <ResourceACL>
              <ResourceIdentity>
                <Id>7DF43CCDF24611D2804B00104B71BD15</Id>
                <AutomaticallyPopulate>true</AutomaticallyPopulate>
                <Name>Everyone</Name>
                <ResourceType>GroupOfWorkers</ResourceType>
                <EmailAddress />
                <UserId />
                <ManagerialLevel>0</ManagerialLevel>
              </ResourceIdentity>
            </ResourceACL>
            <ImageRedactionZones />
            <IsInherited>true</IsInherited>
            <MaskImageForHiddenFields>false</MaskImageForHiddenFields>
          </FieldGroup>
        </FieldGroups>
        <FieldValidators />
        <DocumentTypeValidator>
          <Identity>
            <Id />
            <Name />
          </Identity>
          <DocumentStandardValidator>
            <Identity>
              <Id />
              <Name />
            </Identity>
            <FailureMessage />
            <NumberOfPages>1</NumberOfPages>
            <PageCountLevel>Exactly</PageCountLevel>
          </DocumentStandardValidator>
          <DocumentValidators />
        </DocumentTypeValidator>
        <ParentDocumentType>
          <Id>1A0BE1508EA1F36A78C445E4CFE2A042</Id>
          <Version>16</Version>
          <Name />
        </ParentDocumentType>
        <HasStandardValidator>false</HasStandardValidator>
        <PdfSettings>
          <Title />
          <SkipFirstPage>false</SkipFirstPage>
          <Subject />
          <Author />
          <Keywords />
          <Application />
          <Producer />
        </PdfSettings>
        <NameTemplate>[DocumentType]</NameTemplate>
        <OnlineLearningFolderId />
        <AutomaticOnlineLearningEnabled>false</AutomaticOnlineLearningEnabled>
        <Forms>
          <ScanForm>
            <Id />
            <AutomaticallyPopulate>true</AutomaticallyPopulate>
            <Version>0</Version>
          </ScanForm>
          <ValidationForm>
            <Id />
            <AutomaticallyPopulate>true</AutomaticallyPopulate>
            <Version>0</Version>
          </ValidationForm>
          <VerificationForm>
            <Id />
            <AutomaticallyPopulate>true</AutomaticallyPopulate>
            <Version>0</Version>
          </VerificationForm>
          <DocumentReviewForm>
            <Id />
            <AutomaticallyPopulate>true</AutomaticallyPopulate>
            <Version>0</Version>
          </DocumentReviewForm>
        </Forms>
        <AvailableForManualClassification>true</AvailableForManualClassification>
        <TableFieldExportDelimiter>;</TableFieldExportDelimiter>
        <TemplateImage>
          <Id />
          <Name />
          <AssetType>Image</AssetType>
          <AutomaticallyPopulate>true</AutomaticallyPopulate>
          <StorageId>0</StorageId>
        </TemplateImage>
        <IsTemplateImageOverriden>false</IsTemplateImageOverriden>
        <MonitorForClassificationOnlineLearning>false</MonitorForClassificationOnlineLearning>
        <PostValidationHandler>
          <IsPostValidationHandlingEnabled>false</IsPostValidationHandlingEnabled>
          <ProcessIdentity>
            <Id />
            <AutomaticallyPopulate>true</AutomaticallyPopulate>
            <Version>0</Version>
            <Name />
          </ProcessIdentity>
        </PostValidationHandler>
        <IsPartial>false</IsPartial>
      </DocumentType>
    </DocumentTypes>
    <LastModifiedDate>2023-06-22T13:52:53.39</LastModifiedDate>
    <LastModifiedUser>
      <Id>26E770722735487EA4C6AA47DCC53FE3</Id>
      <AutomaticallyPopulate>true</AutomaticallyPopulate>
      <ResourceType>Worker</ResourceType>
      <EmailAddress />
      <UserId />
      <ManagerialLevel>0</ManagerialLevel>
    </LastModifiedUser>
    <LockedByModule>None</LockedByModule>
    <RootDocumentType>
      <Id>1A0BE1508EA1F36A78C445E4CFE2A042</Id>
      <Version>16</Version>
      <Name />
    </RootDocumentType>
    <IsOnlineLearningEnabled>false</IsOnlineLearningEnabled>
    <OnlineLearningSettings>
      <OnlineLearningMaxNewSamples>2000</OnlineLearningMaxNewSamples>
      <IsAutomaticOnlineLearningEnabled>false</IsAutomaticOnlineLearningEnabled>
      <OnlineLearningFolderId />
    </OnlineLearningSettings>
    <FuzzyDatabases />
    <ResourceAccessTokens>
      <ResourceAccess>
        <ResourceIdentity>
          <Id>7DF43CCDF24611D2804B00104B71BD15</Id>
          <AutomaticallyPopulate>true</AutomaticallyPopulate>
          <Name>Everyone</Name>
          <ResourceType>GroupOfWorkers</ResourceType>
          <EmailAddress />
          <UserId />
          <ManagerialLevel>0</ManagerialLevel>
        </ResourceIdentity>
        <AccessType>MaintenanceAccess</AccessType>
        <PermissionType>FullControl</PermissionType>
      </ResourceAccess>
    </ResourceAccessTokens>
    <ResourcePermissionType>FullControl</ResourcePermissionType>
    <Comments />
  </DocumentGroup>
</ArrayOfDocumentGroup>