<?xml version="1.0" encoding="utf-16"?>
<ArrayOfFieldFormatter xmlns:xsd="http://www.w3.org/2001/XMLSchema" xmlns:xsi="http://www.w3.org/2001/XMLSchema-instance">
  <FieldFormatter>
    <Identity>
      <Id>5B82C383EA4F2730CB27765EC6741E34</Id>
      <Name>ZuvaCurrency</Name>
    </Identity>
    <Formatter xsi:type="AmountFormatter">
      <AllowEmptyField>false</AllowEmptyField>
      <AllowNegativeAmounts>true</AllowNegativeAmounts>
      <RequireDecimalPoints>false</RequireDecimalPoints>
      <AllowThreeDecimalPlaces>false</AllowThreeDecimalPlaces>
      <DecimalSymbol>0</DecimalSymbol>
      <NoOfDecimalPlaces>2</NoOfDecimalPlaces>
      <Currencies>
        <string>EURO</string>
        <string>EUR</string>
        <string>USD</string>
      </Currencies>
      <ThousandsSeparator>Comma</ThousandsSeparator>
    </Formatter>
    <Category>
      <Id>63DE3BC9BD1A48E9BE1CD02DACB98043</Id>
      <AutomaticallyPopulate>true</AutomaticallyPopulate>
      <Name>Zuva.ai</Name>
      <Description />
    </Category>
    <LastModifiedDate>2023-05-16T14:31:11.887</LastModifiedDate>
    <LastModifiedUser>
      <Id>26E770722735487EA4C6AA47DCC53FE3</Id>
      <AutomaticallyPopulate>true</AutomaticallyPopulate>
      <ResourceType>Worker</ResourceType>
      <EmailAddress />
      <UserId />
      <ManagerialLevel>0</ManagerialLevel>
    </LastModifiedUser>
    <FormatterType>Amount</FormatterType>
  </FieldFormatter>
  <FieldFormatter>
    <Identity>
      <Id>E387C6FACA61452AFD6C5CA105F33497</Id>
      <Name>Zuva Date Formatter</Name>
    </Identity>
    <Formatter xsi:type="DateFormatter">
      <AllowEmptyField>false</AllowEmptyField>
      <MinYear>1900</MinYear>
      <MaxYear>2100</MaxYear>
      <AmbiguousDateFormatSetting>0</AmbiguousDateFormatSetting>
      <AmbiguousDateFormats>
        <string>MM_DD_YYYY</string>
        <string>MM_DD_YY</string>
        <string>MMDDYY</string>
        <string>MMDDYYYY</string>
      </AmbiguousDateFormats>
      <TwoDigitDateGreaterThanValue>40</TwoDigitDateGreaterThanValue>
      <OutputDateFormat>DD/MM/YYYY</OutputDateFormat>
      <OutputDateDelimiter>/</OutputDateDelimiter>
      <MonthNames>
        <MonthName>
          <Name>january</Name>
          <MonthId>1</MonthId>
        </MonthName>
        <MonthName>
          <Name>jan</Name>
          <MonthId>1</MonthId>
        </MonthName>
        <MonthName>
          <Name>february</Name>
          <MonthId>2</MonthId>
        </MonthName>
        <MonthName>
          <Name>feb</Name>
          <MonthId>2</MonthId>
        </MonthName>
        <MonthName>
          <Name>march</Name>
          <MonthId>3</MonthId>
        </MonthName>
        <MonthName>
          <Name>mar</Name>
          <MonthId>3</MonthId>
        </MonthName>
        <MonthName>
          <Name>april</Name>
          <MonthId>4</MonthId>
        </MonthName>
        <MonthName>
          <Name>apr</Name>
          <MonthId>4</MonthId>
        </MonthName>
        <MonthName>
          <Name>may</Name>
          <MonthId>5</MonthId>
        </MonthName>
        <MonthName>
          <Name>june</Name>
          <MonthId>6</MonthId>
        </MonthName>
        <MonthName>
          <Name>jun</Name>
          <MonthId>6</MonthId>
        </MonthName>
        <MonthName>
          <Name>july</Name>
          <MonthId>7</MonthId>
        </MonthName>
        <MonthName>
          <Name>jul</Name>
          <MonthId>7</MonthId>
        </MonthName>
        <MonthName>
          <Name>august</Name>
          <MonthId>8</MonthId>
        </MonthName>
        <MonthName>
          <Name>aug</Name>
          <MonthId>8</MonthId>
        </MonthName>
        <MonthName>
          <Name>september</Name>
          <MonthId>9</MonthId>
        </MonthName>
        <MonthName>
          <Name>sep</Name>
          <MonthId>9</MonthId>
        </MonthName>
        <MonthName>
          <Name>october</Name>
          <MonthId>10</MonthId>
        </MonthName>
        <MonthName>
          <Name>oct</Name>
          <MonthId>10</MonthId>
        </MonthName>
        <MonthName>
          <Name>november</Name>
          <MonthId>11</MonthId>
        </MonthName>
        <MonthName>
          <Name>nov</Name>
          <MonthId>11</MonthId>
        </MonthName>
        <MonthName>
          <Name>december</Name>
          <MonthId>12</MonthId>
        </MonthName>
        <MonthName>
          <Name>dec</Name>
          <MonthId>12</MonthId>
        </MonthName>
      </MonthNames>
    </Formatter>
    <Category>
      <Id>63DE3BC9BD1A48E9BE1CD02DACB98043</Id>
      <AutomaticallyPopulate>true</AutomaticallyPopulate>
      <Name>Zuva.ai</Name>
      <Description />
    </Category>
    <LastModifiedDate>2023-04-20T22:37:08.187</LastModifiedDate>
    <LastModifiedUser>
      <Id>26E770722735487EA4C6AA47DCC53FE3</Id>
      <AutomaticallyPopulate>true</AutomaticallyPopulate>
      <ResourceType>Worker</ResourceType>
      <EmailAddress />
      <UserId />
      <ManagerialLevel>0</ManagerialLevel>
    </LastModifiedUser>
    <FormatterType>Date</FormatterType>
  </FieldFormatter>
</ArrayOfFieldFormatter>