<?xml version="1.0" encoding="utf-16"?>
<ArrayOfVariable xmlns:xsd="http://www.w3.org/2001/XMLSchema" xmlns:xsi="http://www.w3.org/2001/XMLSchema-instance">
  <Variable>
    <VariableType>String</VariableType>
    <Value xsi:type="xsd:string">https://ktacloudeco-dev.ktaprt.dev.kofaxcloud.com/services/sdk/</Value>
    <Identity>
      <Id>KTA_SDK_URL</Id>
      <Version>0</Version>
      <OwnerId />
      <DisplayName>KTA_SDK_URL</DisplayName>
      <Name />
    </Identity>
    <Dynamic>false</Dynamic>
    <Category>
      <Id>201F370CA5164F76ADDD8EEEFF666AF7</Id>
      <AutomaticallyPopulate>true</AutomaticallyPopulate>
      <Name />
      <Description />
    </Category>
    <Grouping>
      <Identity>
        <Id>4FEE4E069417475DAC5D2C2E5C95CA49</Id>
      </Identity>
      <Variables />
    </Grouping>
    <UseInSkin>false</UseInSkin>
    <Found>false</Found>
    <IsSecure>false</IsSecure>
    <VariableScope>Process</VariableScope>
    <IsDateExpression>false</IsDateExpression>
    <DerivedExpression />
    <ErrorCodeMappingType>Static</ErrorCodeMappingType>
    <VariableDisplayProperties>
      <VariableIdentity>
        <Id />
        <Version>0</Version>
        <OwnerId />
        <DisplayName />
        <Name />
      </VariableIdentity>
      <StringVariableDisplayProperties>
        <VariableControlType>Singleline</VariableControlType>
        <MaxNumberOfCharacters>0</MaxNumberOfCharacters>
        <LookupIdentity />
        <StaticData />
        <Mandatory>false</Mandatory>
      </StringVariableDisplayProperties>
      <MinDate xsi:nil="true" />
      <MaxDate xsi:nil="true" />
      <DecimalPrecision>0</DecimalPrecision>
      <ShowTime>false</ShowTime>
    </VariableDisplayProperties>
    <VariableAccessScope>Public</VariableAccessScope>
    <IsResourceExpression>false</IsResourceExpression>
    <IsDataObjectField>false</IsDataObjectField>
    <IsDataObjectFieldOfTypeObject>false</IsDataObjectFieldOfTypeObject>
    <BaseVariableType>String</BaseVariableType>
    <BaseVariableId />
  </Variable>
  <Variable>
    <VariableType>String</VariableType>
    <Value xsi:type="xsd:string">localhost</Value>
    <Identity>
      <Id>SPP_SMTP_SERVER</Id>
      <Version>0</Version>
      <OwnerId />
      <DisplayName>SPP_SMTP_SERVER</DisplayName>
      <Name />
    </Identity>
    <Dynamic>true</Dynamic>
    <Category>
      <Id>FBCB88103B4D414FAE8E38058F46CCF4</Id>
      <AutomaticallyPopulate>true</AutomaticallyPopulate>
      <Name />
      <Description />
    </Category>
    <Grouping>
      <Identity>
        <Id>4FEE4E069417475DAC5D2C2E5C95CA49</Id>
      </Identity>
      <Variables />
    </Grouping>
    <UseInSkin>false</UseInSkin>
    <Found>false</Found>
    <IsSecure>false</IsSecure>
    <VariableScope>Process</VariableScope>
    <IsDateExpression>false</IsDateExpression>
    <DerivedExpression />
    <ErrorCodeMappingType>Static</ErrorCodeMappingType>
    <VariableDisplayProperties>
      <VariableIdentity>
        <Id />
        <Version>0</Version>
        <OwnerId />
        <DisplayName />
        <Name />
      </VariableIdentity>
      <StringVariableDisplayProperties>
        <VariableControlType>Singleline</VariableControlType>
        <MaxNumberOfCharacters>0</MaxNumberOfCharacters>
        <LookupIdentity />
        <StaticData />
        <Mandatory>false</Mandatory>
      </StringVariableDisplayProperties>
      <MinDate xsi:nil="true" />
      <MaxDate xsi:nil="true" />
      <DecimalPrecision>0</DecimalPrecision>
      <ShowTime>false</ShowTime>
    </VariableDisplayProperties>
    <VariableAccessScope>Public</VariableAccessScope>
    <IsResourceExpression>false</IsResourceExpression>
    <IsDataObjectField>false</IsDataObjectField>
    <IsDataObjectFieldOfTypeObject>false</IsDataObjectFieldOfTypeObject>
    <BaseVariableType>String</BaseVariableType>
    <BaseVariableId />
  </Variable>
  <Variable>
    <VariableType>System</VariableType>
    <Value xsi:type="xsd:string" />
    <Identity>
      <Id>SPP_SYSTEM_SESSION_ID</Id>
      <Version>0</Version>
      <OwnerId />
      <DisplayName>SPP_SYSTEM_SESSION_ID</DisplayName>
      <Name />
    </Identity>
    <Dynamic>true</Dynamic>
    <Category>
      <Id>FBCB88103B4D414FAE8E38058F46CCF4</Id>
      <AutomaticallyPopulate>true</AutomaticallyPopulate>
      <Name />
      <Description />
    </Category>
    <Grouping>
      <Identity>
        <Id>4FEE4E069417475DAC5D2C2E5C95CA49</Id>
      </Identity>
      <Variables />
    </Grouping>
    <UseInSkin>false</UseInSkin>
    <Found>false</Found>
    <IsSecure>false</IsSecure>
    <VariableScope>Process</VariableScope>
    <IsDateExpression>false</IsDateExpression>
    <DerivedExpression />
    <ErrorCodeMappingType>Static</ErrorCodeMappingType>
    <VariableDisplayProperties>
      <VariableIdentity>
        <Id />
        <Version>0</Version>
        <OwnerId />
        <DisplayName />
        <Name />
      </VariableIdentity>
      <StringVariableDisplayProperties>
        <VariableControlType>Singleline</VariableControlType>
        <MaxNumberOfCharacters>0</MaxNumberOfCharacters>
        <LookupIdentity />
        <StaticData />
        <Mandatory>false</Mandatory>
      </StringVariableDisplayProperties>
      <MinDate xsi:nil="true" />
      <MaxDate xsi:nil="true" />
      <DecimalPrecision>0</DecimalPrecision>
      <ShowTime>false</ShowTime>
    </VariableDisplayProperties>
    <VariableAccessScope>Public</VariableAccessScope>
    <IsResourceExpression>false</IsResourceExpression>
    <IsDataObjectField>false</IsDataObjectField>
    <IsDataObjectFieldOfTypeObject>false</IsDataObjectFieldOfTypeObject>
    <BaseVariableType>System</BaseVariableType>
    <BaseVariableId />
  </Variable>
  <Variable>
    <VariableType>String</VariableType>
    <Value xsi:type="xsd:string" />
    <Identity>
      <Id>ZUVA_TOKEN_KOFAX_ECOSYSTEM</Id>
      <Version>0</Version>
      <OwnerId />
      <DisplayName>ZUVA_TOKEN_KOFAX_ECOSYSTEM</DisplayName>
      <Name />
    </Identity>
    <Dynamic>false</Dynamic>
    <Category>
      <Id>5518521B5C2C417E95C12575AF8B7F9A</Id>
      <AutomaticallyPopulate>true</AutomaticallyPopulate>
      <Name />
      <Description />
    </Category>
    <Grouping>
      <Identity>
        <Id>4FEE4E069417475DAC5D2C2E5C95CA49</Id>
      </Identity>
      <Variables />
    </Grouping>
    <UseInSkin>false</UseInSkin>
    <Found>false</Found>
    <IsSecure>true</IsSecure>
    <VariableScope>Process</VariableScope>
    <IsDateExpression>false</IsDateExpression>
    <DerivedExpression />
    <ErrorCodeMappingType>Static</ErrorCodeMappingType>
    <VariableDisplayProperties>
      <VariableIdentity>
        <Id />
        <Version>0</Version>
        <OwnerId />
        <DisplayName />
        <Name />
      </VariableIdentity>
      <StringVariableDisplayProperties>
        <VariableControlType>Singleline</VariableControlType>
        <MaxNumberOfCharacters>0</MaxNumberOfCharacters>
        <LookupIdentity />
        <StaticData />
        <Mandatory>false</Mandatory>
      </StringVariableDisplayProperties>
      <MinDate xsi:nil="true" />
      <MaxDate xsi:nil="true" />
      <DecimalPrecision>0</DecimalPrecision>
      <ShowTime>false</ShowTime>
    </VariableDisplayProperties>
    <VariableAccessScope>Public</VariableAccessScope>
    <IsResourceExpression>false</IsResourceExpression>
    <IsDataObjectField>false</IsDataObjectField>
    <IsDataObjectFieldOfTypeObject>false</IsDataObjectFieldOfTypeObject>
    <BaseVariableType>String</BaseVariableType>
    <BaseVariableId />
  </Variable>
</ArrayOfVariable>